<Project name="Trilinos">
  <SubProject name="TriBITS">
    <EmailAddresses>
      <Email address="tribits-regression@software.sandia.gov"/>
    </EmailAddresses>
  </SubProject>
  <SubProject name="Teuchos">
    <EmailAddresses>
      <Email address="teuchos-regression@software.sandia.gov"/>
    </EmailAddresses>
  </SubProject>
  <SubProject name="ThreadPool">
    <EmailAddresses>
      <Email address="threadpool-regression@software.sandia.gov"/>
    </EmailAddresses>
  </SubProject>
  <SubProject name="RTOp">
    <Dependency name="Teuchos" type="LR"/>
    <EmailAddresses>
      <Email address="thyra-regression@software.sandia.gov"/>
    </EmailAddresses>
  </SubProject>
  <SubProject name="Gtest">
    <EmailAddresses>
      <Email address="gtest-regression@software.sandia.gov"/>
    </EmailAddresses>
  </SubProject>
  <SubProject name="Kokkos">
    <Dependency name="Teuchos" type="ILO"/>
    <Dependency name="ThreadPool" type="ILO"/>
    <EmailAddresses>
      <Email address="kokkos-regression@software.sandia.gov"/>
    </EmailAddresses>
  </SubProject>
  <SubProject name="Sacado">
    <Dependency name="Teuchos" type="LO"/>
    <EmailAddresses>
      <Email address="sacado-regression@software.sandia.gov"/>
    </EmailAddresses>
  </SubProject>
  <SubProject name="Epetra">
    <Dependency name="Teuchos" type="LO"/>
    <EmailAddresses>
      <Email address="epetra-regression@software.sandia.gov"/>
    </EmailAddresses>
  </SubProject>
  <SubProject name="Zoltan">
    <EmailAddresses>
      <Email address="zoltan-regression@software.sandia.gov"/>
    </EmailAddresses>
  </SubProject>
  <SubProject name="Shards">
    <Dependency name="Teuchos" type="TO"/>
    <EmailAddresses>
      <Email address="shards-regression@software.sandia.gov"/>
    </EmailAddresses>
  </SubProject>
  <SubProject name="GlobiPack">
    <Dependency name="Teuchos" type="LR"/>
    <EmailAddresses>
      <Email address="globipack-regression@software.sandia.gov"/>
    </EmailAddresses>
  </SubProject>
  <SubProject name="Triutils">
    <Dependency name="Teuchos" type="ILO"/>
    <Dependency name="Epetra" type="LR"/>
    <EmailAddresses>
      <Email address="triutils-regression@software.sandia.gov"/>
    </EmailAddresses>
  </SubProject>
  <SubProject name="Tpetra">
    <Dependency name="Teuchos" type="LR"/>
    <Dependency name="ThreadPool" type="ILO"/>
    <Dependency name="Epetra" type="LO"/>
    <EmailAddresses>
      <Email address="tpetra-regression@software.sandia.gov"/>
    </EmailAddresses>
  </SubProject>
  <SubProject name="EpetraExt">
    <Dependency name="Teuchos" type="LR"/>
    <Dependency name="Epetra" type="LR"/>
    <Dependency name="Triutils" type="LO"/>
    <EmailAddresses>
      <Email address="epetraext-regression@software.sandia.gov"/>
    </EmailAddresses>
  </SubProject>
  <SubProject name="Xpetra">
    <Dependency name="Teuchos" type="LR"/>
    <Dependency name="ThreadPool" type="ILO"/>
    <Dependency name="Epetra" type="LO"/>
    <Dependency name="Triutils" type="ILO"/>
    <Dependency name="Tpetra" type="LO"/>
    <Dependency name="EpetraExt" type="LO"/>
    <EmailAddresses>
      <Email address="xpetra-regression@software.sandia.gov"/>
    </EmailAddresses>
  </SubProject>
  <SubProject name="Thyra">
    <Dependency name="Teuchos" type="ILR"/>
    <Dependency name="ThreadPool" type="ILO"/>
    <Dependency name="RTOp" type="ILR"/>
    <Dependency name="Epetra" type="ILO"/>
    <Dependency name="Triutils" type="ILO"/>
    <Dependency name="Tpetra" type="ILO"/>
    <Dependency name="EpetraExt" type="ILO"/>
    <EmailAddresses>
      <Email address="thyra-regression@software.sandia.gov"/>
    </EmailAddresses>
  </SubProject>
  <SubProject name="OptiPack">
    <Dependency name="Teuchos" type="LR"/>
    <Dependency name="ThreadPool" type="ILO"/>
    <Dependency name="RTOp" type="ILR"/>
    <Dependency name="Epetra" type="ILO"/>
    <Dependency name="GlobiPack" type="LR"/>
    <Dependency name="Triutils" type="ILO"/>
    <Dependency name="Tpetra" type="ILO"/>
    <Dependency name="EpetraExt" type="ILO"/>
    <Dependency name="Thyra" type="LR"/>
    <EmailAddresses>
      <Email address="optipack-regression@software.sandia.gov"/>
    </EmailAddresses>
  </SubProject>
  <SubProject name="Isorropia">
    <Dependency name="Teuchos" type="LR"/>
    <Dependency name="ThreadPool" type="ILO"/>
    <Dependency name="Epetra" type="LR"/>
    <Dependency name="Zoltan" type="LR"/>
    <Dependency name="Triutils" type="ILO"/>
    <Dependency name="Tpetra" type="LO"/>
    <Dependency name="EpetraExt" type="LR"/>
    <EmailAddresses>
      <Email address="isorropia-regression@software.sandia.gov"/>
    </EmailAddresses>
  </SubProject>
  <SubProject name="Pliris">
    <Dependency name="Teuchos" type="ILO"/>
    <Dependency name="Epetra" type="LR"/>
    <EmailAddresses>
      <Email address="pliris-regression@software.sandia.gov"/>
    </EmailAddresses>
  </SubProject>
  <SubProject name="Claps">
    <Dependency name="Teuchos" type="TR"/>
    <Dependency name="Epetra" type="LR"/>
    <EmailAddresses>
      <Email address="claps-regression@software.sandia.gov"/>
    </EmailAddresses>
  </SubProject>
  <SubProject name="AztecOO">
    <Dependency name="Teuchos" type="LO"/>
    <Dependency name="Epetra" type="LR"/>
    <Dependency name="Triutils" type="LR"/>
    <EmailAddresses>
      <Email address="aztecoo-regression@software.sandia.gov"/>
    </EmailAddresses>
  </SubProject>
  <SubProject name="Galeri">
    <Dependency name="Teuchos" type="LR"/>
    <Dependency name="ThreadPool" type="ILO"/>
    <Dependency name="Epetra" type="LR"/>
    <Dependency name="Triutils" type="ILO"/>
    <Dependency name="Tpetra" type="LO"/>
    <Dependency name="EpetraExt" type="LO"/>
    <Dependency name="Xpetra" type="LO"/>
    <EmailAddresses>
      <Email address="galeri-regression@software.sandia.gov"/>
    </EmailAddresses>
  </SubProject>
  <SubProject name="Amesos2">
    <Dependency name="Teuchos" type="LR"/>
    <Dependency name="ThreadPool" type="ILO"/>
    <Dependency name="Epetra" type="LO"/>
    <Dependency name="Triutils" type="ILO"/>
    <Dependency name="Tpetra" type="LR"/>
    <Dependency name="EpetraExt" type="LO"/>
    <EmailAddresses>
      <Email address="amesos2-regression@software.sandia.gov"/>
    </EmailAddresses>
  </SubProject>
  <SubProject name="Amesos">
    <Dependency name="Teuchos" type="LR"/>
    <Dependency name="ThreadPool" type="ITO"/>
    <Dependency name="Epetra" type="LR"/>
    <Dependency name="Triutils" type="TO"/>
    <Dependency name="Tpetra" type="ITO"/>
    <Dependency name="EpetraExt" type="LO"/>
    <Dependency name="Xpetra" type="ITO"/>
    <Dependency name="Galeri" type="TO"/>
    <EmailAddresses>
      <Email address="amesos-regression@software.sandia.gov"/>
    </EmailAddresses>
  </SubProject>
  <SubProject name="Pamgen">
    <EmailAddresses>
      <Email address="pamgen-regression@software.sandia.gov"/>
    </EmailAddresses>
  </SubProject>
  <SubProject name="SEACAS">
    <Dependency name="Zoltan" type="ILO"/>
    <Dependency name="Pamgen" type="ILO"/>
    <EmailAddresses>
      <Email address="seacas-regression@software.sandia.gov"/>
    </EmailAddresses>
  </SubProject>
  <SubProject name="Trios">
    <EmailAddresses>
      <Email address="trios-regression@software.sandia.gov"/>
    </EmailAddresses>
  </SubProject>
  <SubProject name="Ifpack">
    <Dependency name="Teuchos" type="LR"/>
    <Dependency name="ThreadPool" type="ITO"/>
    <Dependency name="Epetra" type="LR"/>
    <Dependency name="Triutils" type="ILO"/>
    <Dependency name="Tpetra" type="ITO"/>
    <Dependency name="EpetraExt" type="LO"/>
    <Dependency name="Xpetra" type="ITO"/>
    <Dependency name="AztecOO" type="LO"/>
    <Dependency name="Galeri" type="TO"/>
    <Dependency name="Amesos" type="LO"/>
    <EmailAddresses>
      <Email address="ifpack-regression@software.sandia.gov"/>
    </EmailAddresses>
  </SubProject>
  <SubProject name="Komplex">
    <Dependency name="Teuchos" type="LR"/>
    <Dependency name="Epetra" type="LR"/>
    <Dependency name="Triutils" type="ILR"/>
    <Dependency name="AztecOO" type="LR"/>
    <EmailAddresses>
      <Email address="komplex-regression@software.sandia.gov"/>
    </EmailAddresses>
  </SubProject>
  <SubProject name="ML">
    <Dependency name="Teuchos" type="LO"/>
    <Dependency name="ThreadPool" type="ILO"/>
    <Dependency name="Epetra" type="LO"/>
    <Dependency name="Zoltan" type="LO"/>
    <Dependency name="Triutils" type="ILO"/>
    <Dependency name="Tpetra" type="ILO"/>
    <Dependency name="EpetraExt" type="LO"/>
    <Dependency name="Xpetra" type="ILO"/>
    <Dependency name="Isorropia" type="LO"/>
    <Dependency name="AztecOO" type="LO"/>
    <Dependency name="Galeri" type="LO"/>
    <Dependency name="Amesos" type="LO"/>
    <Dependency name="Ifpack" type="LO"/>
    <EmailAddresses>
      <Email address="ml-regression@software.sandia.gov"/>
    </EmailAddresses>
  </SubProject>
  <SubProject name="Belos">
    <Dependency name="Teuchos" type="LR"/>
    <Dependency name="ThreadPool" type="ILO"/>
    <Dependency name="Epetra" type="LO"/>
    <Dependency name="Zoltan" type="ITO"/>
    <Dependency name="Triutils" type="TO"/>
    <Dependency name="Tpetra" type="LO"/>
    <Dependency name="EpetraExt" type="TO"/>
    <Dependency name="Xpetra" type="ITO"/>
    <Dependency name="Isorropia" type="ITO"/>
    <Dependency name="AztecOO" type="ITO"/>
    <Dependency name="Galeri" type="TO"/>
    <Dependency name="Amesos" type="ITO"/>
    <Dependency name="Ifpack" type="TO"/>
    <Dependency name="ML" type="TO"/>
    <EmailAddresses>
      <Email address="belos-regression@software.sandia.gov"/>
    </EmailAddresses>
  </SubProject>
  <SubProject name="Anasazi">
    <Dependency name="Teuchos" type="LR"/>
    <Dependency name="ThreadPool" type="ILO"/>
    <Dependency name="RTOp" type="ILO"/>
    <Dependency name="Epetra" type="LO"/>
    <Dependency name="Triutils" type="TO"/>
    <Dependency name="Tpetra" type="LO"/>
    <Dependency name="EpetraExt" type="TO"/>
    <Dependency name="Xpetra" type="ITO"/>
    <Dependency name="AztecOO" type="TO"/>
    <Dependency name="Galeri" type="TO"/>
    <Dependency name="Amesos" type="TO"/>
    <Dependency name="Ifpack" type="TO"/>
    <Dependency name="Belos" type="LO"/>
    <EmailAddresses>
      <Email address="anasazi-regression@software.sandia.gov"/>
    </EmailAddresses>
  </SubProject>
  <SubProject name="Zoltan2">
    <Dependency name="Teuchos" type="LR"/>
    <Dependency name="ThreadPool" type="ILO"/>
    <Dependency name="RTOp" type="ILO"/>
    <Dependency name="Epetra" type="LR"/>
    <Dependency name="Zoltan" type="LO"/>
    <Dependency name="Triutils" type="ILO"/>
    <Dependency name="Tpetra" type="LR"/>
    <Dependency name="EpetraExt" type="ILO"/>
    <Dependency name="Xpetra" type="LR"/>
    <Dependency name="Galeri" type="TR"/>
    <Dependency name="Pamgen" type="TR"/>
    <Dependency name="Belos" type="ILO"/>
    <Dependency name="Anasazi" type="LO"/>
    <EmailAddresses>
      <Email address="zoltan2-regression@software.sandia.gov"/>
    </EmailAddresses>
  </SubProject>
  <SubProject name="Ifpack2">
    <Dependency name="Teuchos" type="LR"/>
    <Dependency name="ThreadPool" type="ILO"/>
    <Dependency name="RTOp" type="ILO"/>
    <Dependency name="Epetra" type="ITR"/>
    <Dependency name="Zoltan" type="ILO"/>
    <Dependency name="Triutils" type="ILO"/>
    <Dependency name="Tpetra" type="LR"/>
    <Dependency name="EpetraExt" type="ILO"/>
    <Dependency name="Xpetra" type="LO"/>
    <Dependency name="Galeri" type="TR"/>
    <Dependency name="Amesos2" type="LO"/>
    <Dependency name="Belos" type="LR"/>
    <Dependency name="Anasazi" type="ILO"/>
    <Dependency name="Zoltan2" type="LO"/>
    <EmailAddresses>
      <Email address="ifpack2-regression@software.sandia.gov"/>
    </EmailAddresses>
  </SubProject>
  <SubProject name="ShyLU">
    <Dependency name="Teuchos" type="LR"/>
    <Dependency name="ThreadPool" type="ILO"/>
    <Dependency name="RTOp" type="ILO"/>
    <Dependency name="Epetra" type="LR"/>
    <Dependency name="Zoltan" type="ILR"/>
    <Dependency name="Triutils" type="ILR"/>
    <Dependency name="Tpetra" type="ILO"/>
    <Dependency name="EpetraExt" type="ILR"/>
    <Dependency name="Xpetra" type="ITO"/>
    <Dependency name="Isorropia" type="LR"/>
    <Dependency name="AztecOO" type="LR"/>
    <Dependency name="Galeri" type="ITO"/>
    <Dependency name="Amesos" type="LR"/>
    <Dependency name="Ifpack" type="LR"/>
    <Dependency name="ML" type="TR"/>
    <Dependency name="Belos" type="LR"/>
    <Dependency name="Anasazi" type="LR"/>
    <EmailAddresses>
      <Email address="shylu-regression@software.sandia.gov"/>
    </EmailAddresses>
  </SubProject>
  <SubProject name="Stratimikos">
    <Dependency name="Teuchos" type="ILR"/>
    <Dependency name="ThreadPool" type="ILO"/>
    <Dependency name="RTOp" type="ILR"/>
    <Dependency name="Epetra" type="ILR"/>
    <Dependency name="Zoltan" type="ILO"/>
    <Dependency name="Triutils" type="TO"/>
    <Dependency name="Tpetra" type="ILO"/>
    <Dependency name="EpetraExt" type="LO"/>
    <Dependency name="Xpetra" type="ILO"/>
    <Dependency name="Isorropia" type="ILO"/>
    <Dependency name="AztecOO" type="LO"/>
    <Dependency name="Galeri" type="ILO"/>
    <Dependency name="Amesos" type="LO"/>
    <Dependency name="Ifpack" type="LO"/>
    <Dependency name="ML" type="LO"/>
    <Dependency name="Belos" type="LO"/>
    <EmailAddresses>
      <Email address="stratimikos-regression@software.sandia.gov"/>
    </EmailAddresses>
  </SubProject>
  <SubProject name="FEI">
    <Dependency name="Teuchos" type="LR"/>
    <Dependency name="ThreadPool" type="ILO"/>
    <Dependency name="Epetra" type="LO"/>
    <Dependency name="Zoltan" type="ILO"/>
    <Dependency name="Triutils" type="ILO"/>
    <Dependency name="Tpetra" type="ILO"/>
    <Dependency name="EpetraExt" type="ILO"/>
    <Dependency name="Xpetra" type="ILO"/>
    <Dependency name="Isorropia" type="ILO"/>
    <Dependency name="AztecOO" type="LO"/>
    <Dependency name="Galeri" type="ILO"/>
    <Dependency name="Amesos" type="LO"/>
    <Dependency name="Ifpack" type="LO"/>
    <Dependency name="ML" type="LO"/>
    <Dependency name="Belos" type="LO"/>
    <EmailAddresses>
      <Email address="fei-regression@software.sandia.gov"/>
    </EmailAddresses>
  </SubProject>
  <SubProject name="Teko">
    <Dependency name="Teuchos" type="LR"/>
    <Dependency name="ThreadPool" type="ILO"/>
    <Dependency name="RTOp" type="ILR"/>
    <Dependency name="Epetra" type="ILR"/>
    <Dependency name="Zoltan" type="ILO"/>
    <Dependency name="Triutils" type="ILR"/>
    <Dependency name="Tpetra" type="LO"/>
    <Dependency name="EpetraExt" type="ILR"/>
    <Dependency name="Xpetra" type="ILO"/>
    <Dependency name="Thyra" type="LR"/>
    <Dependency name="Isorropia" type="LO"/>
    <Dependency name="AztecOO" type="LR"/>
    <Dependency name="Galeri" type="ILO"/>
    <Dependency name="Amesos2" type="ILO"/>
    <Dependency name="Amesos" type="LR"/>
    <Dependency name="Ifpack" type="LR"/>
    <Dependency name="ML" type="LR"/>
    <Dependency name="Belos" type="ILO"/>
    <Dependency name="Anasazi" type="LR"/>
    <Dependency name="Zoltan2" type="ILO"/>
    <Dependency name="Ifpack2" type="LO"/>
    <Dependency name="Stratimikos" type="LR"/>
    <EmailAddresses>
      <Email address="teko-regression@software.sandia.gov"/>
    </EmailAddresses>
  </SubProject>
  <SubProject name="RBGen">
    <Dependency name="Teuchos" type="LR"/>
    <Dependency name="ThreadPool" type="ILO"/>
    <Dependency name="RTOp" type="ILO"/>
    <Dependency name="Epetra" type="LO"/>
    <Dependency name="Triutils" type="ILO"/>
    <Dependency name="Tpetra" type="ILO"/>
    <Dependency name="EpetraExt" type="LO"/>
    <Dependency name="Belos" type="ILO"/>
    <Dependency name="Anasazi" type="LO"/>
    <EmailAddresses>
      <Email address="rbgen-regression@software.sandia.gov"/>
    </EmailAddresses>
  </SubProject>
  <SubProject name="TriKota">
    <Dependency name="Teuchos" type="LR"/>
    <Dependency name="ThreadPool" type="ILO"/>
    <Dependency name="RTOp" type="ILR"/>
    <Dependency name="Epetra" type="LR"/>
    <Dependency name="Triutils" type="ILO"/>
    <Dependency name="Tpetra" type="ILO"/>
    <Dependency name="EpetraExt" type="LR"/>
    <Dependency name="Thyra" type="LR"/>
    <EmailAddresses>
      <Email address="trikota-regression@software.sandia.gov"/>
    </EmailAddresses>
  </SubProject>
  <SubProject name="Intrepid">
    <Dependency name="Teuchos" type="LR"/>
    <Dependency name="Sacado" type="LR"/>
    <Dependency name="Epetra" type="TO"/>
    <Dependency name="Shards" type="LR"/>
    <Dependency name="Triutils" type="ITO"/>
    <Dependency name="EpetraExt" type="TO"/>
    <Dependency name="Amesos" type="TO"/>
    <Dependency name="Pamgen" type="TO"/>
    <EmailAddresses>
      <Email address="intrepid-regression@software.sandia.gov"/>
    </EmailAddresses>
  </SubProject>
  <SubProject name="STK">
    <Dependency name="Teuchos" type="ILO"/>
    <Dependency name="ThreadPool" type="ILO"/>
    <Dependency name="Gtest" type="TR"/>
    <Dependency name="Sacado" type="ILO"/>
    <Dependency name="Epetra" type="ILO"/>
    <Dependency name="Zoltan" type="ILO"/>
    <Dependency name="Shards" type="ILO"/>
    <Dependency name="Triutils" type="ILO"/>
    <Dependency name="Tpetra" type="ILO"/>
    <Dependency name="EpetraExt" type="ILO"/>
    <Dependency name="Xpetra" type="ILO"/>
    <Dependency name="Isorropia" type="ILO"/>
    <Dependency name="AztecOO" type="ILO"/>
    <Dependency name="Galeri" type="ILO"/>
    <Dependency name="Amesos" type="ILO"/>
    <Dependency name="Pamgen" type="ILO"/>
    <Dependency name="Ifpack" type="ILO"/>
    <Dependency name="ML" type="ILO"/>
    <Dependency name="Belos" type="ILO"/>
    <Dependency name="FEI" type="ILO"/>
    <Dependency name="Intrepid" type="ILO"/>
    <EmailAddresses>
      <Email address="stk-regression@software.sandia.gov"/>
    </EmailAddresses>
  </SubProject>
  <SubProject name="Phalanx">
    <Dependency name="Teuchos" type="LR"/>
    <Dependency name="ThreadPool" type="ILO"/>
    <Dependency name="Sacado" type="LR"/>
    <Dependency name="Epetra" type="TO"/>
    <Dependency name="Zoltan" type="ITO"/>
    <Dependency name="Shards" type="LR"/>
    <Dependency name="Triutils" type="ITO"/>
    <Dependency name="Tpetra" type="ITO"/>
    <Dependency name="EpetraExt" type="ITO"/>
    <Dependency name="Xpetra" type="ITO"/>
    <Dependency name="Isorropia" type="ITO"/>
    <Dependency name="AztecOO" type="ITO"/>
    <Dependency name="Galeri" type="ITO"/>
    <Dependency name="Amesos" type="TO"/>
    <Dependency name="Ifpack" type="TO"/>
    <Dependency name="ML" type="TO"/>
    <Dependency name="Belos" type="TO"/>
    <Dependency name="Intrepid" type="TO"/>
    <EmailAddresses>
      <Email address="phalanx-regression@software.sandia.gov"/>
    </EmailAddresses>
  </SubProject>
  <SubProject name="Phdmesh">
    <EmailAddresses>
      <Email address="phdmesh-regression@software.sandia.gov"/>
    </EmailAddresses>
  </SubProject>
  <SubProject name="NOX">
    <Dependency name="Teuchos" type="LR"/>
    <Dependency name="ThreadPool" type="ILO"/>
    <Dependency name="RTOp" type="ILO"/>
    <Dependency name="Epetra" type="LO"/>
    <Dependency name="Zoltan" type="ILO"/>
    <Dependency name="Triutils" type="ILO"/>
    <Dependency name="Tpetra" type="ILO"/>
    <Dependency name="EpetraExt" type="LO"/>
    <Dependency name="Xpetra" type="ILO"/>
    <Dependency name="Thyra" type="ILO"/>
    <Dependency name="Isorropia" type="TO"/>
    <Dependency name="AztecOO" type="LO"/>
    <Dependency name="Galeri" type="ILO"/>
    <Dependency name="Amesos2" type="ILO"/>
    <Dependency name="Amesos" type="LO"/>
    <Dependency name="Ifpack" type="LO"/>
    <Dependency name="ML" type="LO"/>
    <Dependency name="Belos" type="LO"/>
    <Dependency name="Anasazi" type="LO"/>
    <Dependency name="Zoltan2" type="ILO"/>
    <Dependency name="Ifpack2" type="ILO"/>
    <Dependency name="Stratimikos" type="LO"/>
    <Dependency name="Teko" type="LO"/>
    <EmailAddresses>
      <Email address="nox-regression@software.sandia.gov"/>
    </EmailAddresses>
  </SubProject>
  <SubProject name="Moertel">
    <Dependency name="Teuchos" type="LR"/>
    <Dependency name="ThreadPool" type="ILO"/>
    <Dependency name="Epetra" type="LR"/>
    <Dependency name="Zoltan" type="ILO"/>
    <Dependency name="Triutils" type="ILR"/>
    <Dependency name="Tpetra" type="ILO"/>
    <Dependency name="EpetraExt" type="LR"/>
    <Dependency name="Xpetra" type="ILO"/>
    <Dependency name="Isorropia" type="ILO"/>
    <Dependency name="AztecOO" type="LR"/>
    <Dependency name="Galeri" type="TR"/>
    <Dependency name="Amesos" type="LR"/>
    <Dependency name="Ifpack" type="LR"/>
    <Dependency name="ML" type="LR"/>
    <EmailAddresses>
      <Email address="moertel-regression@software.sandia.gov"/>
    </EmailAddresses>
  </SubProject>
  <SubProject name="MueLu">
    <Dependency name="Teuchos" type="LR"/>
    <Dependency name="ThreadPool" type="ILO"/>
    <Dependency name="RTOp" type="ILO"/>
    <Dependency name="Epetra" type="LO"/>
    <Dependency name="Zoltan" type="LO"/>
    <Dependency name="Triutils" type="ILO"/>
    <Dependency name="Tpetra" type="LO"/>
    <Dependency name="EpetraExt" type="LO"/>
    <Dependency name="Xpetra" type="LR"/>
    <Dependency name="Isorropia" type="LO"/>
    <Dependency name="AztecOO" type="TO"/>
    <Dependency name="Galeri" type="TO"/>
    <Dependency name="Amesos2" type="LO"/>
    <Dependency name="Amesos" type="LO"/>
    <Dependency name="Ifpack" type="LO"/>
    <Dependency name="ML" type="LO"/>
    <Dependency name="Belos" type="TO"/>
    <Dependency name="Anasazi" type="ILO"/>
    <Dependency name="Zoltan2" type="LO"/>
    <Dependency name="Ifpack2" type="LO"/>
    <Dependency name="Stratimikos" type="LO"/>
    <EmailAddresses>
      <Email address="muelu-regression@software.sandia.gov"/>
    </EmailAddresses>
  </SubProject>
  <SubProject name="Rythmos">
    <Dependency name="Teuchos" type="LR"/>
    <Dependency name="ThreadPool" type="ITO"/>
    <Dependency name="RTOp" type="ILR"/>
    <Dependency name="Sacado" type="TO"/>
    <Dependency name="Epetra" type="ITO"/>
    <Dependency name="Zoltan" type="ITO"/>
    <Dependency name="Triutils" type="ITO"/>
    <Dependency name="Tpetra" type="ITO"/>
    <Dependency name="EpetraExt" type="TO"/>
    <Dependency name="Xpetra" type="ITO"/>
    <Dependency name="Thyra" type="ITO"/>
    <Dependency name="Isorropia" type="ITO"/>
    <Dependency name="AztecOO" type="ITO"/>
    <Dependency name="Galeri" type="ITO"/>
    <Dependency name="Amesos2" type="ITO"/>
    <Dependency name="Amesos" type="ITO"/>
    <Dependency name="Ifpack" type="ITO"/>
    <Dependency name="ML" type="ITO"/>
    <Dependency name="Belos" type="TO"/>
    <Dependency name="Anasazi" type="ITO"/>
    <Dependency name="Zoltan2" type="ITO"/>
    <Dependency name="Ifpack2" type="ITO"/>
    <Dependency name="Stratimikos" type="TO"/>
    <Dependency name="Teko" type="ITO"/>
    <Dependency name="NOX" type="TO"/>
    <EmailAddresses>
      <Email address="rythmos-regression@software.sandia.gov"/>
    </EmailAddresses>
  </SubProject>
  <SubProject name="MOOCHO">
    <Dependency name="Teuchos" type="LR"/>
    <Dependency name="ThreadPool" type="ITO"/>
    <Dependency name="RTOp" type="LR"/>
    <Dependency name="Epetra" type="ITO"/>
    <Dependency name="Zoltan" type="ITO"/>
    <Dependency name="Triutils" type="ITO"/>
    <Dependency name="Tpetra" type="ITO"/>
    <Dependency name="EpetraExt" type="ITO"/>
    <Dependency name="Xpetra" type="ITO"/>
    <Dependency name="Isorropia" type="ITO"/>
    <Dependency name="AztecOO" type="ITO"/>
    <Dependency name="Galeri" type="ITO"/>
    <Dependency name="Amesos" type="ITO"/>
    <Dependency name="Ifpack" type="ITO"/>
    <Dependency name="ML" type="ITO"/>
    <Dependency name="Belos" type="ITO"/>
    <Dependency name="Stratimikos" type="TO"/>
    <Dependency name="Rythmos" type="TO"/>
    <EmailAddresses>
      <Email address="moocho-regression@software.sandia.gov"/>
    </EmailAddresses>
  </SubProject>
  <SubProject name="Aristos">
    <Dependency name="Teuchos" type="LR"/>
    <Dependency name="ThreadPool" type="ITO"/>
    <Dependency name="RTOp" type="ITO"/>
    <Dependency name="Epetra" type="LR"/>
    <Dependency name="Zoltan" type="ITO"/>
    <Dependency name="Triutils" type="ITO"/>
    <Dependency name="Tpetra" type="ITO"/>
    <Dependency name="EpetraExt" type="TO"/>
    <Dependency name="Xpetra" type="ITO"/>
    <Dependency name="Thyra" type="TO"/>
    <Dependency name="Isorropia" type="ITO"/>
    <Dependency name="AztecOO" type="TO"/>
    <Dependency name="Galeri" type="ITO"/>
    <Dependency name="Amesos" type="TO"/>
    <Dependency name="Ifpack" type="TO"/>
    <Dependency name="ML" type="ITO"/>
    <Dependency name="Belos" type="ITO"/>
    <Dependency name="Stratimikos" type="TO"/>
    <EmailAddresses>
      <Email address="aristos-regression@software.sandia.gov"/>
    </EmailAddresses>
  </SubProject>
  <SubProject name="Stokhos">
    <Dependency name="Teuchos" type="LR"/>
    <Dependency name="ThreadPool" type="ILO"/>
    <Dependency name="RTOp" type="ILO"/>
    <Dependency name="Sacado" type="LO"/>
    <Dependency name="Epetra" type="ILO"/>
    <Dependency name="Zoltan" type="TO"/>
    <Dependency name="Triutils" type="ILO"/>
    <Dependency name="Tpetra" type="LO"/>
    <Dependency name="EpetraExt" type="LO"/>
    <Dependency name="Xpetra" type="ILO"/>
    <Dependency name="Thyra" type="ILO"/>
    <Dependency name="Isorropia" type="LO"/>
    <Dependency name="AztecOO" type="TO"/>
    <Dependency name="Galeri" type="ILO"/>
    <Dependency name="Amesos2" type="LO"/>
    <Dependency name="Amesos" type="ILO"/>
    <Dependency name="Ifpack" type="LO"/>
    <Dependency name="ML" type="LO"/>
    <Dependency name="Belos" type="LO"/>
    <Dependency name="Anasazi" type="LO"/>
    <Dependency name="Zoltan2" type="ILO"/>
    <Dependency name="Ifpack2" type="LO"/>
    <Dependency name="Stratimikos" type="TO"/>
    <Dependency name="Teko" type="ILO"/>
    <Dependency name="TriKota" type="LO"/>
    <Dependency name="NOX" type="LO"/>
    <Dependency name="MueLu" type="LO"/>
    <EmailAddresses>
      <Email address="stokhos-regression@software.sandia.gov"/>
    </EmailAddresses>
  </SubProject>
  <SubProject name="Piro">
    <Dependency name="Teuchos" type="LR"/>
    <Dependency name="ThreadPool" type="ILO"/>
    <Dependency name="RTOp" type="ILR"/>
    <Dependency name="Sacado" type="ILO"/>
    <Dependency name="Epetra" type="LR"/>
    <Dependency name="Zoltan" type="ILO"/>
    <Dependency name="GlobiPack" type="ILO"/>
    <Dependency name="Triutils" type="ILO"/>
    <Dependency name="Tpetra" type="ILO"/>
    <Dependency name="EpetraExt" type="LR"/>
    <Dependency name="Xpetra" type="ILO"/>
    <Dependency name="Thyra" type="ILO"/>
    <Dependency name="OptiPack" type="LO"/>
    <Dependency name="Isorropia" type="ILO"/>
    <Dependency name="AztecOO" type="ILO"/>
    <Dependency name="Galeri" type="ILO"/>
    <Dependency name="Amesos2" type="ILO"/>
    <Dependency name="Amesos" type="ILO"/>
    <Dependency name="Ifpack" type="ILO"/>
    <Dependency name="ML" type="ILO"/>
    <Dependency name="Belos" type="ILO"/>
    <Dependency name="Anasazi" type="ILO"/>
    <Dependency name="Zoltan2" type="ILO"/>
    <Dependency name="Ifpack2" type="ILO"/>
    <Dependency name="Stratimikos" type="LR"/>
    <Dependency name="Teko" type="ILO"/>
    <Dependency name="TriKota" type="LO"/>
    <Dependency name="NOX" type="LO"/>
    <Dependency name="MueLu" type="ILO"/>
    <Dependency name="Rythmos" type="LO"/>
    <Dependency name="MOOCHO" type="LO"/>
    <Dependency name="Stokhos" type="LO"/>
    <EmailAddresses>
      <Email address="piro-regression@software.sandia.gov"/>
    </EmailAddresses>
  </SubProject>
  <SubProject name="Panzer">
    <Dependency name="Teuchos" type="LR"/>
    <Dependency name="ThreadPool" type="ILO"/>
    <Dependency name="RTOp" type="ILR"/>
    <Dependency name="Kokkos" type="LR"/>
    <Dependency name="Sacado" type="LR"/>
    <Dependency name="Epetra" type="LR"/>
    <Dependency name="Zoltan" type="LR"/>
    <Dependency name="Shards" type="ILR"/>
    <Dependency name="GlobiPack" type="ILO"/>
    <Dependency name="Triutils" type="ILO"/>
    <Dependency name="Tpetra" type="LR"/>
    <Dependency name="EpetraExt" type="LR"/>
    <Dependency name="Xpetra" type="ILO"/>
    <Dependency name="Thyra" type="ILO"/>
    <Dependency name="OptiPack" type="ILO"/>
    <Dependency name="Isorropia" type="ILO"/>
    <Dependency name="AztecOO" type="ILO"/>
    <Dependency name="Galeri" type="ILO"/>
    <Dependency name="Amesos2" type="ILO"/>
    <Dependency name="Amesos" type="ILO"/>
    <Dependency name="Pamgen" type="ILO"/>
    <Dependency name="Ifpack" type="ILO"/>
    <Dependency name="ML" type="ILO"/>
    <Dependency name="Belos" type="ILO"/>
    <Dependency name="Anasazi" type="ILO"/>
    <Dependency name="Zoltan2" type="ILO"/>
    <Dependency name="Ifpack2" type="LO"/>
    <Dependency name="Stratimikos" type="LR"/>
    <Dependency name="FEI" type="LR"/>
    <Dependency name="Teko" type="LO"/>
    <Dependency name="TriKota" type="ILO"/>
    <Dependency name="Intrepid" type="LR"/>
    <Dependency name="Phalanx" type="LR"/>
    <Dependency name="NOX" type="LR"/>
    <Dependency name="MueLu" type="LO"/>
    <Dependency name="Rythmos" type="LR"/>
    <Dependency name="MOOCHO" type="ILO"/>
    <Dependency name="Stokhos" type="LO"/>
    <Dependency name="Piro" type="LR"/>
    <EmailAddresses>
      <Email address="panzer-regression@software.sandia.gov"/>
    </EmailAddresses>
  </SubProject>
  <SubProject name="Sundance">
    <Dependency name="Teuchos" type="LR"/>
    <Dependency name="ThreadPool" type="ILO"/>
    <Dependency name="RTOp" type="ILO"/>
    <Dependency name="Sacado" type="ILR"/>
    <Dependency name="Epetra" type="LR"/>
    <Dependency name="Zoltan" type="ILO"/>
    <Dependency name="Shards" type="ILR"/>
    <Dependency name="Triutils" type="ILR"/>
    <Dependency name="Tpetra" type="ILO"/>
    <Dependency name="EpetraExt" type="LR"/>
    <Dependency name="Xpetra" type="ILO"/>
    <Dependency name="Thyra" type="ILO"/>
    <Dependency name="Isorropia" type="ILO"/>
    <Dependency name="AztecOO" type="LR"/>
    <Dependency name="Galeri" type="ILO"/>
    <Dependency name="Amesos2" type="ILO"/>
    <Dependency name="Amesos" type="LR"/>
    <Dependency name="Ifpack" type="LR"/>
    <Dependency name="ML" type="LR"/>
    <Dependency name="Belos" type="LR"/>
    <Dependency name="Anasazi" type="LR"/>
    <Dependency name="Zoltan2" type="ILO"/>
    <Dependency name="Ifpack2" type="ILO"/>
    <Dependency name="Stratimikos" type="ILO"/>
    <Dependency name="Teko" type="ILO"/>
    <Dependency name="TriKota" type="ILO"/>
    <Dependency name="Intrepid" type="LR"/>
    <Dependency name="NOX" type="LR"/>
    <Dependency name="MueLu" type="ILO"/>
    <Dependency name="Stokhos" type="LO"/>
    <EmailAddresses>
      <Email address="sundance-regression@software.sandia.gov"/>
    </EmailAddresses>
  </SubProject>
  <SubProject name="CTrilinos">
    <Dependency name="Teuchos" type="LR"/>
    <Dependency name="ThreadPool" type="ILO"/>
    <Dependency name="Epetra" type="LR"/>
    <Dependency name="Triutils" type="ILO"/>
    <Dependency name="Tpetra" type="ILO"/>
    <Dependency name="EpetraExt" type="ILO"/>
    <Dependency name="Xpetra" type="ILO"/>
    <Dependency name="Pliris" type="LO"/>
    <Dependency name="AztecOO" type="LO"/>
    <Dependency name="Galeri" type="LO"/>
    <Dependency name="Amesos" type="LO"/>
    <Dependency name="Ifpack" type="LO"/>
    <EmailAddresses>
      <Email address="ctrilinos-regression@software.sandia.gov"/>
    </EmailAddresses>
  </SubProject>
  <SubProject name="ForTrilinos">
    <Dependency name="Teuchos" type="LR"/>
    <Dependency name="ThreadPool" type="ILO"/>
    <Dependency name="Epetra" type="LR"/>
    <Dependency name="Triutils" type="ILO"/>
    <Dependency name="Tpetra" type="ILO"/>
    <Dependency name="EpetraExt" type="ILO"/>
    <Dependency name="Xpetra" type="ILO"/>
    <Dependency name="Pliris" type="LO"/>
    <Dependency name="AztecOO" type="LO"/>
    <Dependency name="Galeri" type="LO"/>
    <Dependency name="Amesos" type="LO"/>
    <Dependency name="Ifpack" type="LO"/>
    <Dependency name="CTrilinos" type="LR"/>
    <EmailAddresses>
      <Email address="fortrilinos-regression@software.sandia.gov"/>
    </EmailAddresses>
  </SubProject>
  <SubProject name="PyTrilinos">
    <Dependency name="Teuchos" type="LO"/>
    <Dependency name="ThreadPool" type="ILO"/>
    <Dependency name="RTOp" type="ILO"/>
    <Dependency name="Gtest" type="ILO"/>
    <Dependency name="Sacado" type="ILO"/>
    <Dependency name="Epetra" type="LO"/>
    <Dependency name="Zoltan" type="ILO"/>
    <Dependency name="Shards" type="ILO"/>
    <Dependency name="Triutils" type="LO"/>
    <Dependency name="Tpetra" type="LO"/>
    <Dependency name="EpetraExt" type="LO"/>
    <Dependency name="Xpetra" type="ILO"/>
    <Dependency name="Thyra" type="ILO"/>
    <Dependency name="Isorropia" type="LO"/>
    <Dependency name="Pliris" type="LO"/>
    <Dependency name="AztecOO" type="LO"/>
    <Dependency name="Galeri" type="LO"/>
    <Dependency name="Amesos2" type="ILO"/>
    <Dependency name="Amesos" type="LO"/>
    <Dependency name="Pamgen" type="ILO"/>
    <Dependency name="Ifpack" type="LO"/>
    <Dependency name="Komplex" type="LO"/>
    <Dependency name="ML" type="LO"/>
    <Dependency name="Belos" type="ILO"/>
    <Dependency name="Anasazi" type="LO"/>
    <Dependency name="Zoltan2" type="ILO"/>
    <Dependency name="Ifpack2" type="ILO"/>
    <Dependency name="Stratimikos" type="ILO"/>
    <Dependency name="FEI" type="ILO"/>
    <Dependency name="Teko" type="ILO"/>
    <Dependency name="Intrepid" type="ILO"/>
    <Dependency name="STK" type="LO"/>
    <Dependency name="NOX" type="LO"/>
    <EmailAddresses>
      <Email address="pytrilinos-regression@software.sandia.gov"/>
    </EmailAddresses>
  </SubProject>
  <SubProject name="WebTrilinos">
    <Dependency name="Teuchos" type="LR"/>
    <Dependency name="ThreadPool" type="ILO"/>
    <Dependency name="RTOp" type="ILO"/>
    <Dependency name="Gtest" type="ILO"/>
    <Dependency name="Sacado" type="ILO"/>
    <Dependency name="Epetra" type="LR"/>
    <Dependency name="Zoltan" type="ILO"/>
    <Dependency name="Shards" type="ILO"/>
    <Dependency name="Triutils" type="ILR"/>
    <Dependency name="Tpetra" type="ILO"/>
    <Dependency name="EpetraExt" type="LR"/>
    <Dependency name="Xpetra" type="ILO"/>
    <Dependency name="Thyra" type="ILO"/>
    <Dependency name="Isorropia" type="ILO"/>
    <Dependency name="Pliris" type="ILO"/>
    <Dependency name="AztecOO" type="LR"/>
    <Dependency name="Galeri" type="LR"/>
    <Dependency name="Amesos2" type="ILO"/>
    <Dependency name="Amesos" type="LR"/>
    <Dependency name="Pamgen" type="ILO"/>
    <Dependency name="Ifpack" type="LR"/>
    <Dependency name="Komplex" type="ILO"/>
    <Dependency name="ML" type="LR"/>
    <Dependency name="Belos" type="ILO"/>
    <Dependency name="Anasazi" type="ILO"/>
    <Dependency name="Zoltan2" type="ILO"/>
    <Dependency name="Ifpack2" type="ILO"/>
    <Dependency name="Stratimikos" type="ILO"/>
    <Dependency name="FEI" type="ILO"/>
    <Dependency name="Teko" type="ILO"/>
    <Dependency name="Intrepid" type="ILO"/>
    <Dependency name="STK" type="ILO"/>
    <Dependency name="NOX" type="ILO"/>
    <Dependency name="PyTrilinos" type="LR"/>
    <EmailAddresses>
      <Email address="webtrilinos-regression@software.sandia.gov"/>
    </EmailAddresses>
  </SubProject>
  <SubProject name="Didasko">
    <Dependency name="Teuchos" type="TO"/>
    <Dependency name="ThreadPool" type="ITO"/>
    <Dependency name="Epetra" type="TO"/>
    <Dependency name="Zoltan" type="TO"/>
    <Dependency name="Triutils" type="TO"/>
    <Dependency name="Tpetra" type="ITO"/>
    <Dependency name="EpetraExt" type="TO"/>
    <Dependency name="Xpetra" type="ITO"/>
    <Dependency name="Isorropia" type="ITO"/>
    <Dependency name="AztecOO" type="TO"/>
    <Dependency name="Galeri" type="TO"/>
    <Dependency name="Amesos" type="TO"/>
    <Dependency name="Ifpack" type="TO"/>
    <Dependency name="ML" type="TO"/>
    <EmailAddresses>
      <Email address="didasko-regression@software.sandia.gov"/>
    </EmailAddresses>
  </SubProject>
  <SubProject name="NewPackage">
    <Dependency name="Teuchos" type="LO"/>
    <Dependency name="Epetra" type="LR"/>
    <EmailAddresses>
      <Email address="newpackage-regression@software.sandia.gov"/>
    </EmailAddresses>
  </SubProject>
  <SubProject name="Optika">
    <Dependency name="Teuchos" type="LR"/>
    <EmailAddresses>
      <Email address="optika-regression@software.sandia.gov"/>
    </EmailAddresses>
  </SubProject>
  <SubProject name="Mesquite">
    <EmailAddresses>
      <Email address="mesquite-regression@software.sandia.gov"/>
    </EmailAddresses>
  </SubProject>
  <SubProject name="MeshingGenie">
    <EmailAddresses>
      <Email address="meshinggenie-regression@software.sandia.gov"/>
    </EmailAddresses>
  </SubProject>
  <SubProject name="TrilinosCouplings">
    <Dependency name="Teuchos" type="ILO"/>
    <Dependency name="ThreadPool" type="ILO"/>
    <Dependency name="RTOp" type="ILO"/>
    <Dependency name="Sacado" type="ILO"/>
    <Dependency name="Epetra" type="TO"/>
    <Dependency name="Zoltan" type="LO"/>
    <Dependency name="Shards" type="ILO"/>
    <Dependency name="Triutils" type="ILO"/>
    <Dependency name="Tpetra" type="TO"/>
    <Dependency name="EpetraExt" type="LO"/>
    <Dependency name="Xpetra" type="ILO"/>
    <Dependency name="Thyra" type="ILO"/>
    <Dependency name="Isorropia" type="LO"/>
    <Dependency name="AztecOO" type="LO"/>
    <Dependency name="Galeri" type="ILO"/>
    <Dependency name="Amesos2" type="ILO"/>
    <Dependency name="Amesos" type="LO"/>
    <Dependency name="Pamgen" type="TO"/>
    <Dependency name="Ifpack" type="LO"/>
    <Dependency name="ML" type="LO"/>
    <Dependency name="Belos" type="LO"/>
    <Dependency name="Anasazi" type="ILO"/>
    <Dependency name="Zoltan2" type="ILO"/>
    <Dependency name="Ifpack2" type="ILO"/>
    <Dependency name="Stratimikos" type="ILO"/>
    <Dependency name="FEI" type="ILO"/>
    <Dependency name="Teko" type="TO"/>
    <Dependency name="TriKota" type="ILO"/>
    <Dependency name="Intrepid" type="TO"/>
    <Dependency name="NOX" type="LO"/>
    <Dependency name="MueLu" type="TO"/>
    <Dependency name="Stokhos" type="LO"/>
    <EmailAddresses>
      <Email address="trilinoscouplings-regression@software.sandia.gov"/>
    </EmailAddresses>
  </SubProject>
  <SubProject name="FEApp">
    <Dependency name="Teuchos" type="ILR"/>
    <Dependency name="ThreadPool" type="ILO"/>
    <Dependency name="RTOp" type="ILR"/>
    <Dependency name="Sacado" type="LR"/>
    <Dependency name="Epetra" type="LR"/>
    <Dependency name="Zoltan" type="ILO"/>
    <Dependency name="GlobiPack" type="ILO"/>
    <Dependency name="Triutils" type="ILO"/>
    <Dependency name="Tpetra" type="ILO"/>
    <Dependency name="EpetraExt" type="LR"/>
    <Dependency name="Xpetra" type="ILO"/>
    <Dependency name="Thyra" type="ILO"/>
    <Dependency name="OptiPack" type="ILO"/>
    <Dependency name="Isorropia" type="ILO"/>
    <Dependency name="AztecOO" type="ILO"/>
    <Dependency name="Galeri" type="ILO"/>
    <Dependency name="Amesos2" type="ILO"/>
    <Dependency name="Amesos" type="ILO"/>
    <Dependency name="Ifpack" type="ILO"/>
    <Dependency name="ML" type="ILO"/>
    <Dependency name="Belos" type="ILO"/>
    <Dependency name="Anasazi" type="ILO"/>
    <Dependency name="Zoltan2" type="ILO"/>
    <Dependency name="Ifpack2" type="ILO"/>
    <Dependency name="Stratimikos" type="ILR"/>
    <Dependency name="Teko" type="ILO"/>
    <Dependency name="TriKota" type="ILO"/>
    <Dependency name="NOX" type="LR"/>
    <Dependency name="MueLu" type="ILO"/>
    <Dependency name="Rythmos" type="ILO"/>
    <Dependency name="MOOCHO" type="ILO"/>
    <Dependency name="Stokhos" type="LR"/>
    <Dependency name="Piro" type="LR"/>
    <EmailAddresses>
      <Email address="feapp-regression@software.sandia.gov"/>
    </EmailAddresses>
  </SubProject>
</Project>
