<PackageDependencies project="Trilinos">
  <Package name="TriBITS" dir="cmake/tribits" type="PT">
    <LIB_REQUIRED_DEP_PACKAGES/>
    <LIB_OPTIONAL_DEP_PACKAGES/>
    <TEST_REQUIRED_DEP_PACKAGES/>
    <TEST_OPTIONAL_DEP_PACKAGES/>
    <LIB_REQUIRED_DEP_TPLS/>
    <LIB_OPTIONAL_DEP_TPLS/>
    <TEST_REQUIRED_DEP_TPLS/>
    <TEST_OPTIONAL_DEP_TPLS value="MPI"/>
    <EmailAddresses>
      <Regression address="tribits-regression@software.sandia.gov"/>
    </EmailAddresses>
    <ParentPackage value=""/>
  </Package>
  <Package name="TeuchosCore" dir="packages/teuchos/core" type="PT">
    <LIB_REQUIRED_DEP_PACKAGES/>
    <LIB_OPTIONAL_DEP_PACKAGES/>
    <TEST_REQUIRED_DEP_PACKAGES/>
    <TEST_OPTIONAL_DEP_PACKAGES/>
    <LIB_REQUIRED_DEP_TPLS/>
    <LIB_OPTIONAL_DEP_TPLS value="BinUtils,Boost,MPI,ARPREC,QD,QT"/>
    <TEST_REQUIRED_DEP_TPLS/>
    <TEST_OPTIONAL_DEP_TPLS/>
    <EmailAddresses>
      <Regression address="teuchos-regression@software.sandia.gov"/>
    </EmailAddresses>
    <ParentPackage value="Teuchos"/>
  </Package>
  <Package name="TeuchosParameterList" dir="packages/teuchos/parameterlist" type="PT">
    <LIB_REQUIRED_DEP_PACKAGES value="TeuchosCore"/>
    <LIB_OPTIONAL_DEP_PACKAGES/>
    <TEST_REQUIRED_DEP_PACKAGES/>
    <TEST_OPTIONAL_DEP_PACKAGES/>
    <LIB_REQUIRED_DEP_TPLS/>
    <LIB_OPTIONAL_DEP_TPLS/>
    <TEST_REQUIRED_DEP_TPLS/>
    <TEST_OPTIONAL_DEP_TPLS/>
    <EmailAddresses>
      <Regression address="teuchos-regression@software.sandia.gov"/>
    </EmailAddresses>
    <ParentPackage value="Teuchos"/>
  </Package>
  <Package name="TeuchosComm" dir="packages/teuchos/comm" type="PT">
    <LIB_REQUIRED_DEP_PACKAGES value="TeuchosCore,TeuchosParameterList"/>
    <LIB_OPTIONAL_DEP_PACKAGES/>
    <TEST_REQUIRED_DEP_PACKAGES/>
    <TEST_OPTIONAL_DEP_PACKAGES/>
    <LIB_REQUIRED_DEP_TPLS/>
    <LIB_OPTIONAL_DEP_TPLS/>
    <TEST_REQUIRED_DEP_TPLS/>
    <TEST_OPTIONAL_DEP_TPLS/>
    <EmailAddresses>
      <Regression address="teuchos-regression@software.sandia.gov"/>
    </EmailAddresses>
    <ParentPackage value="Teuchos"/>
  </Package>
  <Package name="TeuchosNumerics" dir="packages/teuchos/numerics" type="PT">
    <LIB_REQUIRED_DEP_PACKAGES value="TeuchosCore,TeuchosComm"/>
    <LIB_OPTIONAL_DEP_PACKAGES/>
    <TEST_REQUIRED_DEP_PACKAGES/>
    <TEST_OPTIONAL_DEP_PACKAGES/>
    <LIB_REQUIRED_DEP_TPLS value="BLAS,LAPACK"/>
    <LIB_OPTIONAL_DEP_TPLS value="Eigen"/>
    <TEST_REQUIRED_DEP_TPLS/>
    <TEST_OPTIONAL_DEP_TPLS/>
    <EmailAddresses>
      <Regression address="teuchos-regression@software.sandia.gov"/>
    </EmailAddresses>
    <ParentPackage value="Teuchos"/>
  </Package>
  <Package name="TeuchosRemainder" dir="packages/teuchos/remainder" type="PT">
    <LIB_REQUIRED_DEP_PACKAGES value="TeuchosCore"/>
    <LIB_OPTIONAL_DEP_PACKAGES/>
    <TEST_REQUIRED_DEP_PACKAGES/>
    <TEST_OPTIONAL_DEP_PACKAGES/>
    <LIB_REQUIRED_DEP_TPLS/>
    <LIB_OPTIONAL_DEP_TPLS/>
    <TEST_REQUIRED_DEP_TPLS/>
    <TEST_OPTIONAL_DEP_TPLS/>
    <EmailAddresses>
      <Regression address="teuchos-regression@software.sandia.gov"/>
    </EmailAddresses>
    <ParentPackage value="Teuchos"/>
  </Package>
  <Package name="Teuchos" dir="packages/teuchos" type="PT">
    <LIB_REQUIRED_DEP_PACKAGES value="TeuchosCore,TeuchosParameterList,TeuchosComm,TeuchosNumerics,TeuchosRemainder"/>
    <LIB_OPTIONAL_DEP_PACKAGES/>
    <TEST_REQUIRED_DEP_PACKAGES/>
    <TEST_OPTIONAL_DEP_PACKAGES/>
    <LIB_REQUIRED_DEP_TPLS/>
    <LIB_OPTIONAL_DEP_TPLS/>
    <TEST_REQUIRED_DEP_TPLS/>
    <TEST_OPTIONAL_DEP_TPLS/>
    <EmailAddresses>
      <Regression address="teuchos-regression@software.sandia.gov"/>
    </EmailAddresses>
    <ParentPackage value=""/>
  </Package>
  <Package name="ThreadPool" dir="packages/ThreadPool" type="PT">
    <LIB_REQUIRED_DEP_PACKAGES/>
    <LIB_OPTIONAL_DEP_PACKAGES/>
    <TEST_REQUIRED_DEP_PACKAGES/>
    <TEST_OPTIONAL_DEP_PACKAGES/>
    <LIB_REQUIRED_DEP_TPLS/>
    <LIB_OPTIONAL_DEP_TPLS value="Pthread,MPI"/>
    <TEST_REQUIRED_DEP_TPLS/>
    <TEST_OPTIONAL_DEP_TPLS/>
    <EmailAddresses>
      <Regression address="threadpool-regression@software.sandia.gov"/>
    </EmailAddresses>
    <ParentPackage value=""/>
  </Package>
  <Package name="RTOp" dir="packages/rtop" type="PT">
    <LIB_REQUIRED_DEP_PACKAGES value="Teuchos"/>
    <LIB_OPTIONAL_DEP_PACKAGES/>
    <TEST_REQUIRED_DEP_PACKAGES/>
    <TEST_OPTIONAL_DEP_PACKAGES/>
    <LIB_REQUIRED_DEP_TPLS/>
    <LIB_OPTIONAL_DEP_TPLS/>
    <TEST_REQUIRED_DEP_TPLS/>
    <TEST_OPTIONAL_DEP_TPLS/>
    <EmailAddresses>
      <Regression address="thyra-regression@software.sandia.gov"/>
    </EmailAddresses>
    <ParentPackage value=""/>
  </Package>
  <Package name="Gtest" dir="commonTools/gtest" type="ST">
    <LIB_REQUIRED_DEP_PACKAGES/>
    <LIB_OPTIONAL_DEP_PACKAGES/>
    <TEST_REQUIRED_DEP_PACKAGES/>
    <TEST_OPTIONAL_DEP_PACKAGES/>
    <LIB_REQUIRED_DEP_TPLS/>
    <LIB_OPTIONAL_DEP_TPLS/>
    <TEST_REQUIRED_DEP_TPLS/>
    <TEST_OPTIONAL_DEP_TPLS/>
    <EmailAddresses>
      <Regression address="gtest-regression@software.sandia.gov"/>
    </EmailAddresses>
    <ParentPackage value=""/>
  </Package>
  <Package name="KokkosTPL" dir="packages/kokkos/TPL" type="PT">
    <LIB_REQUIRED_DEP_PACKAGES/>
    <LIB_OPTIONAL_DEP_PACKAGES/>
    <TEST_REQUIRED_DEP_PACKAGES/>
    <TEST_OPTIONAL_DEP_PACKAGES/>
    <LIB_REQUIRED_DEP_TPLS/>
    <LIB_OPTIONAL_DEP_TPLS value="CUDA"/>
    <TEST_REQUIRED_DEP_TPLS/>
    <TEST_OPTIONAL_DEP_TPLS/>
    <EmailAddresses>
      <Regression address="kokkos-regression@software.sandia.gov"/>
    </EmailAddresses>
    <ParentPackage value="Kokkos"/>
  </Package>
  <Package name="KokkosCore" dir="packages/kokkos/core" type="EX">
    <LIB_REQUIRED_DEP_PACKAGES value="KokkosTPL"/>
    <LIB_OPTIONAL_DEP_PACKAGES/>
    <TEST_REQUIRED_DEP_PACKAGES value="Gtest"/>
    <TEST_OPTIONAL_DEP_PACKAGES/>
    <LIB_REQUIRED_DEP_TPLS/>
    <LIB_OPTIONAL_DEP_TPLS value="Pthread,CUDA,HWLOC,QTHREAD"/>
    <TEST_REQUIRED_DEP_TPLS/>
    <TEST_OPTIONAL_DEP_TPLS value="CUSPARSE,Pthread"/>
    <EmailAddresses>
      <Regression address="kokkos-regression@software.sandia.gov"/>
    </EmailAddresses>
    <ParentPackage value="Kokkos"/>
  </Package>
  <Package name="KokkosCompat" dir="packages/kokkos/compat" type="EX">
    <LIB_REQUIRED_DEP_PACKAGES value="KokkosCore,Teuchos"/>
    <LIB_OPTIONAL_DEP_PACKAGES value="ThreadPool"/>
    <TEST_REQUIRED_DEP_PACKAGES/>
    <TEST_OPTIONAL_DEP_PACKAGES/>
    <LIB_REQUIRED_DEP_TPLS/>
    <LIB_OPTIONAL_DEP_TPLS value="TBB,Thrust,Cusp,MKL"/>
    <TEST_REQUIRED_DEP_TPLS/>
    <TEST_OPTIONAL_DEP_TPLS value="CUSPARSE,Pthread"/>
    <EmailAddresses>
      <Regression address="kokkos-regression@software.sandia.gov"/>
    </EmailAddresses>
    <ParentPackage value="Kokkos"/>
  </Package>
  <Package name="KokkosClassic" dir="packages/kokkos/classic" type="PT">
    <LIB_REQUIRED_DEP_PACKAGES value="Teuchos"/>
    <LIB_OPTIONAL_DEP_PACKAGES value="ThreadPool,KokkosCore,KokkosCompat"/>
    <TEST_REQUIRED_DEP_PACKAGES/>
    <TEST_OPTIONAL_DEP_PACKAGES/>
    <LIB_REQUIRED_DEP_TPLS/>
    <LIB_OPTIONAL_DEP_TPLS value="TBB,CUDA,CUSPARSE,Thrust,Cusp,MKL"/>
    <TEST_REQUIRED_DEP_TPLS/>
    <TEST_OPTIONAL_DEP_TPLS/>
    <EmailAddresses>
      <Regression address="kokkos-regression@software.sandia.gov"/>
    </EmailAddresses>
    <ParentPackage value="Kokkos"/>
  </Package>
  <Package name="KokkosContainers" dir="packages/kokkos/containers" type="EX">
    <LIB_REQUIRED_DEP_PACKAGES value="KokkosCore"/>
    <LIB_OPTIONAL_DEP_PACKAGES/>
    <TEST_REQUIRED_DEP_PACKAGES value="KokkosCore,Gtest"/>
    <TEST_OPTIONAL_DEP_PACKAGES/>
    <LIB_REQUIRED_DEP_TPLS/>
    <LIB_OPTIONAL_DEP_TPLS value="Pthread,CUDA,HWLOC"/>
    <TEST_REQUIRED_DEP_TPLS/>
    <TEST_OPTIONAL_DEP_TPLS value="CUSPARSE,Pthread"/>
    <EmailAddresses>
      <Regression address="kokkos-regression@software.sandia.gov"/>
    </EmailAddresses>
    <ParentPackage value="Kokkos"/>
  </Package>
  <Package name="KokkosAlgorithms" dir="packages/kokkos/algorithms" type="EX">
    <LIB_REQUIRED_DEP_PACKAGES value="KokkosCore"/>
    <LIB_OPTIONAL_DEP_PACKAGES/>
    <TEST_REQUIRED_DEP_PACKAGES value="KokkosCore,Gtest"/>
    <TEST_OPTIONAL_DEP_PACKAGES/>
    <LIB_REQUIRED_DEP_TPLS/>
    <LIB_OPTIONAL_DEP_TPLS value="Pthread,CUDA,HWLOC"/>
    <TEST_REQUIRED_DEP_TPLS/>
    <TEST_OPTIONAL_DEP_TPLS value="CUSPARSE,Pthread"/>
    <EmailAddresses>
      <Regression address="kokkos-regression@software.sandia.gov"/>
    </EmailAddresses>
    <ParentPackage value="Kokkos"/>
  </Package>
  <Package name="KokkosLinAlg" dir="packages/kokkos/linalg" type="EX">
    <LIB_REQUIRED_DEP_PACKAGES value="KokkosCore,KokkosContainers"/>
    <LIB_OPTIONAL_DEP_PACKAGES/>
    <TEST_REQUIRED_DEP_PACKAGES value="Gtest"/>
    <TEST_OPTIONAL_DEP_PACKAGES/>
    <LIB_REQUIRED_DEP_TPLS/>
    <LIB_OPTIONAL_DEP_TPLS/>
    <TEST_REQUIRED_DEP_TPLS/>
    <TEST_OPTIONAL_DEP_TPLS/>
    <EmailAddresses>
      <Regression address="kokkos-regression@software.sandia.gov"/>
    </EmailAddresses>
    <ParentPackage value="Kokkos"/>
  </Package>
  <Package name="KokkosExample" dir="packages/kokkos/example" type="EX">
    <LIB_REQUIRED_DEP_PACKAGES value="KokkosCore,KokkosContainers,KokkosLinAlg"/>
    <LIB_OPTIONAL_DEP_PACKAGES/>
    <TEST_REQUIRED_DEP_PACKAGES/>
    <TEST_OPTIONAL_DEP_PACKAGES/>
    <LIB_REQUIRED_DEP_TPLS/>
    <LIB_OPTIONAL_DEP_TPLS/>
    <TEST_REQUIRED_DEP_TPLS/>
    <TEST_OPTIONAL_DEP_TPLS value="CUSPARSE,MKL"/>
    <EmailAddresses>
      <Regression address="kokkos-regression@software.sandia.gov"/>
    </EmailAddresses>
    <ParentPackage value="Kokkos"/>
  </Package>
  <Package name="KokkosMpiComm" dir="packages/kokkos/mpicomm" type="EX">
    <LIB_REQUIRED_DEP_PACKAGES value="KokkosCore,KokkosCompat,TeuchosComm"/>
    <LIB_OPTIONAL_DEP_PACKAGES/>
    <TEST_REQUIRED_DEP_PACKAGES/>
    <TEST_OPTIONAL_DEP_PACKAGES/>
    <LIB_REQUIRED_DEP_TPLS/>
    <LIB_OPTIONAL_DEP_TPLS value="MPI"/>
    <TEST_REQUIRED_DEP_TPLS/>
    <TEST_OPTIONAL_DEP_TPLS/>
    <EmailAddresses>
      <Regression address="kokkos-regression@software.sandia.gov"/>
    </EmailAddresses>
    <ParentPackage value="Kokkos"/>
  </Package>
  <Package name="KokkosTask" dir="packages/kokkos/task" type="EX">
    <LIB_REQUIRED_DEP_PACKAGES value="KokkosCore"/>
    <LIB_OPTIONAL_DEP_PACKAGES/>
    <TEST_REQUIRED_DEP_PACKAGES value="KokkosCore,Gtest"/>
    <TEST_OPTIONAL_DEP_PACKAGES/>
    <LIB_REQUIRED_DEP_TPLS/>
    <LIB_OPTIONAL_DEP_TPLS value="Pthread,CUDA,HWLOC"/>
    <TEST_REQUIRED_DEP_TPLS/>
    <TEST_OPTIONAL_DEP_TPLS value="CUSPARSE,Pthread"/>
    <EmailAddresses>
      <Regression address="kokkos-regression@software.sandia.gov"/>
    </EmailAddresses>
    <ParentPackage value="Kokkos"/>
  </Package>
  <Package name="Kokkos" dir="packages/kokkos" type="PT">
    <LIB_REQUIRED_DEP_PACKAGES/>
    <LIB_OPTIONAL_DEP_PACKAGES value="KokkosTPL,KokkosCore,KokkosCompat,KokkosClassic,KokkosContainers,KokkosAlgorithms,KokkosLinAlg,KokkosExample,KokkosMpiComm,KokkosTask"/>
    <TEST_REQUIRED_DEP_PACKAGES/>
    <TEST_OPTIONAL_DEP_PACKAGES/>
    <LIB_REQUIRED_DEP_TPLS/>
    <LIB_OPTIONAL_DEP_TPLS/>
    <TEST_REQUIRED_DEP_TPLS/>
    <TEST_OPTIONAL_DEP_TPLS/>
    <EmailAddresses>
      <Regression address="kokkos-regression@software.sandia.gov"/>
    </EmailAddresses>
    <ParentPackage value=""/>
  </Package>
  <Package name="Sacado" dir="packages/sacado" type="PT">
    <LIB_REQUIRED_DEP_PACKAGES/>
    <LIB_OPTIONAL_DEP_PACKAGES value="Teuchos,KokkosCore"/>
    <TEST_REQUIRED_DEP_PACKAGES/>
    <TEST_OPTIONAL_DEP_PACKAGES/>
    <LIB_REQUIRED_DEP_TPLS/>
    <LIB_OPTIONAL_DEP_TPLS/>
    <TEST_REQUIRED_DEP_TPLS/>
    <TEST_OPTIONAL_DEP_TPLS value="ADOLC,ADIC,CppUnit"/>
    <EmailAddresses>
      <Regression address="sacado-regression@software.sandia.gov"/>
    </EmailAddresses>
    <ParentPackage value=""/>
  </Package>
  <Package name="Epetra" dir="packages/epetra" type="PT">
    <LIB_REQUIRED_DEP_PACKAGES/>
    <LIB_OPTIONAL_DEP_PACKAGES value="Teuchos"/>
    <TEST_REQUIRED_DEP_PACKAGES/>
    <TEST_OPTIONAL_DEP_PACKAGES/>
    <LIB_REQUIRED_DEP_TPLS value="BLAS,LAPACK"/>
    <LIB_OPTIONAL_DEP_TPLS value="CASK,MPI,Oski"/>
    <TEST_REQUIRED_DEP_TPLS/>
    <TEST_OPTIONAL_DEP_TPLS/>
    <EmailAddresses>
      <Regression address="epetra-regression@software.sandia.gov"/>
    </EmailAddresses>
    <ParentPackage value=""/>
  </Package>
  <Package name="Zoltan" dir="packages/zoltan" type="PT">
    <LIB_REQUIRED_DEP_PACKAGES/>
    <LIB_OPTIONAL_DEP_PACKAGES/>
    <TEST_REQUIRED_DEP_PACKAGES/>
    <TEST_OPTIONAL_DEP_PACKAGES/>
    <LIB_REQUIRED_DEP_TPLS/>
    <LIB_OPTIONAL_DEP_TPLS value="MPI,METIS,ParMETIS,PaToH,Scotch,Zlib,CCOLAMD,OVIS"/>
    <TEST_REQUIRED_DEP_TPLS/>
    <TEST_OPTIONAL_DEP_TPLS/>
    <EmailAddresses>
      <Regression address="zoltan-regression@software.sandia.gov"/>
    </EmailAddresses>
    <ParentPackage value=""/>
  </Package>
  <Package name="Shards" dir="packages/shards" type="PT">
    <LIB_REQUIRED_DEP_PACKAGES/>
    <LIB_OPTIONAL_DEP_PACKAGES/>
    <TEST_REQUIRED_DEP_PACKAGES/>
    <TEST_OPTIONAL_DEP_PACKAGES value="Teuchos"/>
    <LIB_REQUIRED_DEP_TPLS/>
    <LIB_OPTIONAL_DEP_TPLS/>
    <TEST_REQUIRED_DEP_TPLS/>
    <TEST_OPTIONAL_DEP_TPLS/>
    <EmailAddresses>
      <Regression address="shards-regression@software.sandia.gov"/>
    </EmailAddresses>
    <ParentPackage value=""/>
  </Package>
  <Package name="GlobiPack" dir="packages/globipack" type="PT">
    <LIB_REQUIRED_DEP_PACKAGES value="Teuchos"/>
    <LIB_OPTIONAL_DEP_PACKAGES/>
    <TEST_REQUIRED_DEP_PACKAGES/>
    <TEST_OPTIONAL_DEP_PACKAGES/>
    <LIB_REQUIRED_DEP_TPLS/>
    <LIB_OPTIONAL_DEP_TPLS/>
    <TEST_REQUIRED_DEP_TPLS/>
    <TEST_OPTIONAL_DEP_TPLS/>
    <EmailAddresses>
      <Regression address="globipack-regression@software.sandia.gov"/>
    </EmailAddresses>
    <ParentPackage value=""/>
  </Package>
  <Package name="Triutils" dir="packages/triutils" type="PT">
    <LIB_REQUIRED_DEP_PACKAGES value="Epetra"/>
    <LIB_OPTIONAL_DEP_PACKAGES/>
    <TEST_REQUIRED_DEP_PACKAGES/>
    <TEST_OPTIONAL_DEP_PACKAGES/>
    <LIB_REQUIRED_DEP_TPLS/>
    <LIB_OPTIONAL_DEP_TPLS/>
    <TEST_REQUIRED_DEP_TPLS/>
    <TEST_OPTIONAL_DEP_TPLS/>
    <EmailAddresses>
      <Regression address="triutils-regression@software.sandia.gov"/>
    </EmailAddresses>
    <ParentPackage value=""/>
  </Package>
  <Package name="Tpetra" dir="packages/tpetra" type="PT">
    <LIB_REQUIRED_DEP_PACKAGES value="Teuchos,KokkosClassic"/>
    <LIB_OPTIONAL_DEP_PACKAGES value="Epetra,KokkosCore,KokkosCompat,KokkosLinAlg,KokkosContainers,KokkosAlgorithms,KokkosMpiComm"/>
    <TEST_REQUIRED_DEP_PACKAGES/>
    <TEST_OPTIONAL_DEP_PACKAGES/>
    <LIB_REQUIRED_DEP_TPLS/>
    <LIB_OPTIONAL_DEP_TPLS value="MPI,CUDA,Thrust,QD,Cusp"/>
    <TEST_REQUIRED_DEP_TPLS/>
    <TEST_OPTIONAL_DEP_TPLS/>
    <EmailAddresses>
      <Regression address="tpetra-regression@software.sandia.gov"/>
    </EmailAddresses>
    <ParentPackage value=""/>
  </Package>
  <Package name="EpetraExt" dir="packages/epetraext" type="PT">
    <LIB_REQUIRED_DEP_PACKAGES value="Teuchos,Epetra"/>
    <LIB_OPTIONAL_DEP_PACKAGES value="Triutils"/>
    <TEST_REQUIRED_DEP_PACKAGES/>
    <TEST_OPTIONAL_DEP_PACKAGES/>
    <LIB_REQUIRED_DEP_TPLS/>
    <LIB_OPTIONAL_DEP_TPLS value="HDF5,UMFPACK,AMD,PETSC,HYPRE"/>
    <TEST_REQUIRED_DEP_TPLS/>
    <TEST_OPTIONAL_DEP_TPLS value="HYPRE"/>
    <EmailAddresses>
      <Regression address="epetraext-regression@software.sandia.gov"/>
    </EmailAddresses>
    <ParentPackage value=""/>
  </Package>
  <Package name="Xpetra" dir="packages/xpetra" type="PT">
    <LIB_REQUIRED_DEP_PACKAGES value="Teuchos"/>
    <LIB_OPTIONAL_DEP_PACKAGES value="Epetra,EpetraExt,KokkosClassic,Tpetra"/>
    <TEST_REQUIRED_DEP_PACKAGES/>
    <TEST_OPTIONAL_DEP_PACKAGES value="Epetra,EpetraExt,Tpetra"/>
    <LIB_REQUIRED_DEP_TPLS value="BLAS,LAPACK"/>
    <LIB_OPTIONAL_DEP_TPLS/>
    <TEST_REQUIRED_DEP_TPLS/>
    <TEST_OPTIONAL_DEP_TPLS/>
    <EmailAddresses>
      <Regression address="xpetra-regression@software.sandia.gov"/>
    </EmailAddresses>
    <ParentPackage value=""/>
  </Package>
  <Package name="ThyraCore" dir="packages/thyra/core" type="PT">
    <LIB_REQUIRED_DEP_PACKAGES value="Teuchos,RTOp"/>
    <LIB_OPTIONAL_DEP_PACKAGES/>
    <TEST_REQUIRED_DEP_PACKAGES/>
    <TEST_OPTIONAL_DEP_PACKAGES/>
    <LIB_REQUIRED_DEP_TPLS/>
    <LIB_OPTIONAL_DEP_TPLS/>
    <TEST_REQUIRED_DEP_TPLS/>
    <TEST_OPTIONAL_DEP_TPLS/>
    <EmailAddresses>
      <Regression address="thyra-regression@software.sandia.gov"/>
    </EmailAddresses>
    <ParentPackage value="Thyra"/>
  </Package>
  <Package name="ThyraEpetraAdapters" dir="packages/thyra/adapters/epetra" type="PT">
    <LIB_REQUIRED_DEP_PACKAGES value="ThyraCore,Epetra"/>
    <LIB_OPTIONAL_DEP_PACKAGES/>
    <TEST_REQUIRED_DEP_PACKAGES value="Triutils"/>
    <TEST_OPTIONAL_DEP_PACKAGES/>
    <LIB_REQUIRED_DEP_TPLS/>
    <LIB_OPTIONAL_DEP_TPLS/>
    <TEST_REQUIRED_DEP_TPLS/>
    <TEST_OPTIONAL_DEP_TPLS/>
    <EmailAddresses>
      <Regression address="thyra-regression@software.sandia.gov"/>
    </EmailAddresses>
    <ParentPackage value="Thyra"/>
  </Package>
  <Package name="ThyraEpetraExtAdapters" dir="packages/thyra/adapters/epetraext" type="PT">
    <LIB_REQUIRED_DEP_PACKAGES value="ThyraCore,ThyraEpetraAdapters,Epetra,EpetraExt"/>
    <LIB_OPTIONAL_DEP_PACKAGES/>
    <TEST_REQUIRED_DEP_PACKAGES/>
    <TEST_OPTIONAL_DEP_PACKAGES/>
    <LIB_REQUIRED_DEP_TPLS/>
    <LIB_OPTIONAL_DEP_TPLS/>
    <TEST_REQUIRED_DEP_TPLS/>
    <TEST_OPTIONAL_DEP_TPLS/>
    <EmailAddresses>
      <Regression address="thyra-regression@software.sandia.gov"/>
    </EmailAddresses>
    <ParentPackage value="Thyra"/>
  </Package>
  <Package name="ThyraTpetraAdapters" dir="packages/thyra/adapters/tpetra" type="PT">
    <LIB_REQUIRED_DEP_PACKAGES value="ThyraCore,Tpetra"/>
    <LIB_OPTIONAL_DEP_PACKAGES value="ThyraEpetraAdapters"/>
    <TEST_REQUIRED_DEP_PACKAGES/>
    <TEST_OPTIONAL_DEP_PACKAGES/>
    <LIB_REQUIRED_DEP_TPLS/>
    <LIB_OPTIONAL_DEP_TPLS/>
    <TEST_REQUIRED_DEP_TPLS/>
    <TEST_OPTIONAL_DEP_TPLS/>
    <EmailAddresses>
      <Regression address="thyra-regression@software.sandia.gov"/>
    </EmailAddresses>
    <ParentPackage value="Thyra"/>
  </Package>
  <Package name="Thyra" dir="packages/thyra" type="PT">
    <LIB_REQUIRED_DEP_PACKAGES value="ThyraCore"/>
    <LIB_OPTIONAL_DEP_PACKAGES value="ThyraEpetraAdapters,ThyraEpetraExtAdapters,ThyraTpetraAdapters"/>
    <TEST_REQUIRED_DEP_PACKAGES/>
    <TEST_OPTIONAL_DEP_PACKAGES/>
    <LIB_REQUIRED_DEP_TPLS/>
    <LIB_OPTIONAL_DEP_TPLS/>
    <TEST_REQUIRED_DEP_TPLS/>
    <TEST_OPTIONAL_DEP_TPLS/>
    <EmailAddresses>
      <Regression address="thyra-regression@software.sandia.gov"/>
    </EmailAddresses>
    <ParentPackage value=""/>
  </Package>
  <Package name="OptiPack" dir="packages/optipack" type="PT">
    <LIB_REQUIRED_DEP_PACKAGES value="Teuchos,GlobiPack,Thyra"/>
    <LIB_OPTIONAL_DEP_PACKAGES/>
    <TEST_REQUIRED_DEP_PACKAGES/>
    <TEST_OPTIONAL_DEP_PACKAGES/>
    <LIB_REQUIRED_DEP_TPLS/>
    <LIB_OPTIONAL_DEP_TPLS/>
    <TEST_REQUIRED_DEP_TPLS/>
    <TEST_OPTIONAL_DEP_TPLS/>
    <EmailAddresses>
      <Regression address="optipack-regression@software.sandia.gov"/>
    </EmailAddresses>
    <ParentPackage value=""/>
  </Package>
  <Package name="Isorropia" dir="packages/isorropia" type="PT">
    <LIB_REQUIRED_DEP_PACKAGES value="Teuchos,Epetra,EpetraExt,Zoltan"/>
    <LIB_OPTIONAL_DEP_PACKAGES value="Tpetra,KokkosClassic"/>
    <TEST_REQUIRED_DEP_PACKAGES/>
    <TEST_OPTIONAL_DEP_PACKAGES value="KokkosClassic,Tpetra"/>
    <LIB_REQUIRED_DEP_TPLS/>
    <LIB_OPTIONAL_DEP_TPLS/>
    <TEST_REQUIRED_DEP_TPLS/>
    <TEST_OPTIONAL_DEP_TPLS/>
    <EmailAddresses>
      <Regression address="isorropia-regression@software.sandia.gov"/>
    </EmailAddresses>
    <ParentPackage value=""/>
  </Package>
  <Package name="Pliris" dir="packages/pliris" type="PT">
    <LIB_REQUIRED_DEP_PACKAGES value="Epetra"/>
    <LIB_OPTIONAL_DEP_PACKAGES/>
    <TEST_REQUIRED_DEP_PACKAGES/>
    <TEST_OPTIONAL_DEP_PACKAGES/>
    <LIB_REQUIRED_DEP_TPLS/>
    <LIB_OPTIONAL_DEP_TPLS/>
    <TEST_REQUIRED_DEP_TPLS/>
    <TEST_OPTIONAL_DEP_TPLS/>
    <EmailAddresses>
      <Regression address="pliris-regression@software.sandia.gov"/>
    </EmailAddresses>
    <ParentPackage value=""/>
  </Package>
  <Package name="Claps" dir="packages/claps" type="EX">
    <LIB_REQUIRED_DEP_PACKAGES value="Epetra"/>
    <LIB_OPTIONAL_DEP_PACKAGES/>
    <TEST_REQUIRED_DEP_PACKAGES value="Teuchos"/>
    <TEST_OPTIONAL_DEP_PACKAGES/>
    <LIB_REQUIRED_DEP_TPLS value="METIS"/>
    <LIB_OPTIONAL_DEP_TPLS/>
    <TEST_REQUIRED_DEP_TPLS/>
    <TEST_OPTIONAL_DEP_TPLS/>
    <EmailAddresses>
      <Regression address="claps-regression@software.sandia.gov"/>
    </EmailAddresses>
    <ParentPackage value=""/>
  </Package>
  <Package name="AztecOO" dir="packages/aztecoo" type="PT">
    <LIB_REQUIRED_DEP_PACKAGES value="Epetra,Triutils"/>
    <LIB_OPTIONAL_DEP_PACKAGES value="Teuchos"/>
    <TEST_REQUIRED_DEP_PACKAGES/>
    <TEST_OPTIONAL_DEP_PACKAGES/>
    <LIB_REQUIRED_DEP_TPLS/>
    <LIB_OPTIONAL_DEP_TPLS value="y12m"/>
    <TEST_REQUIRED_DEP_TPLS/>
    <TEST_OPTIONAL_DEP_TPLS/>
    <EmailAddresses>
      <Regression address="aztecoo-regression@software.sandia.gov"/>
    </EmailAddresses>
    <ParentPackage value=""/>
  </Package>
  <Package name="Galeri" dir="packages/galeri" type="PT">
    <LIB_REQUIRED_DEP_PACKAGES value="Teuchos,Epetra"/>
    <LIB_OPTIONAL_DEP_PACKAGES value="EpetraExt,Xpetra,Tpetra"/>
    <TEST_REQUIRED_DEP_PACKAGES/>
    <TEST_OPTIONAL_DEP_PACKAGES/>
    <LIB_REQUIRED_DEP_TPLS/>
    <LIB_OPTIONAL_DEP_TPLS/>
    <TEST_REQUIRED_DEP_TPLS/>
    <TEST_OPTIONAL_DEP_TPLS/>
    <EmailAddresses>
      <Regression address="galeri-regression@software.sandia.gov"/>
    </EmailAddresses>
    <ParentPackage value=""/>
  </Package>
  <Package name="Amesos2" dir="packages/amesos2" type="ST">
    <LIB_REQUIRED_DEP_PACKAGES value="Teuchos,Tpetra"/>
    <LIB_OPTIONAL_DEP_PACKAGES value="Epetra,EpetraExt"/>
    <TEST_REQUIRED_DEP_PACKAGES/>
    <TEST_OPTIONAL_DEP_PACKAGES/>
    <LIB_REQUIRED_DEP_TPLS/>
    <LIB_OPTIONAL_DEP_TPLS value="MPI,SuperLU,SuperLUMT,SuperLUDist,PARDISO_MKL,ParMETIS,METIS,Cholmod"/>
    <TEST_REQUIRED_DEP_TPLS/>
    <TEST_OPTIONAL_DEP_TPLS/>
    <EmailAddresses>
      <Regression address="amesos2-regression@software.sandia.gov"/>
    </EmailAddresses>
    <ParentPackage value=""/>
  </Package>
  <Package name="Amesos" dir="packages/amesos" type="PT">
    <LIB_REQUIRED_DEP_PACKAGES value="Teuchos,Epetra"/>
    <LIB_OPTIONAL_DEP_PACKAGES value="EpetraExt"/>
    <TEST_REQUIRED_DEP_PACKAGES/>
    <TEST_OPTIONAL_DEP_PACKAGES value="Triutils,Galeri"/>
    <LIB_REQUIRED_DEP_TPLS/>
    <LIB_OPTIONAL_DEP_TPLS value="SuperLUDist,ParMETIS,UMFPACK,SuperLU,BLACS,SCALAPACK,MUMPS,TAUCS,PARDISO_MKL,PARDISO,CSparse"/>
    <TEST_REQUIRED_DEP_TPLS/>
    <TEST_OPTIONAL_DEP_TPLS/>
    <EmailAddresses>
      <Regression address="amesos-regression@software.sandia.gov"/>
    </EmailAddresses>
    <ParentPackage value=""/>
  </Package>
  <Package name="Pamgen" dir="packages/pamgen" type="PT">
    <LIB_REQUIRED_DEP_PACKAGES/>
    <LIB_OPTIONAL_DEP_PACKAGES/>
    <TEST_REQUIRED_DEP_PACKAGES/>
    <TEST_OPTIONAL_DEP_PACKAGES/>
    <LIB_REQUIRED_DEP_TPLS/>
    <LIB_OPTIONAL_DEP_TPLS value="ExodusII,Nemesis,Boost"/>
    <TEST_REQUIRED_DEP_TPLS/>
    <TEST_OPTIONAL_DEP_TPLS/>
    <EmailAddresses>
      <Regression address="pamgen-regression@software.sandia.gov"/>
    </EmailAddresses>
    <ParentPackage value=""/>
  </Package>
  <Package name="SEACASExodus" dir="packages/seacas/libraries/exodus" type="ST">
    <LIB_REQUIRED_DEP_PACKAGES/>
    <LIB_OPTIONAL_DEP_PACKAGES/>
    <TEST_REQUIRED_DEP_PACKAGES/>
    <TEST_OPTIONAL_DEP_PACKAGES/>
    <LIB_REQUIRED_DEP_TPLS value="Netcdf"/>
    <LIB_OPTIONAL_DEP_TPLS value="HDF5,MPI"/>
    <TEST_REQUIRED_DEP_TPLS value="Netcdf"/>
    <TEST_OPTIONAL_DEP_TPLS/>
    <EmailAddresses>
      <Regression address="seacas-regression@software.sandia.gov"/>
    </EmailAddresses>
    <ParentPackage value="SEACAS"/>
  </Package>
  <Package name="SEACASExodus_for" dir="packages/seacas/libraries/exodus_for" type="ST">
    <LIB_REQUIRED_DEP_PACKAGES value="SEACASExodus"/>
    <LIB_OPTIONAL_DEP_PACKAGES/>
    <TEST_REQUIRED_DEP_PACKAGES/>
    <TEST_OPTIONAL_DEP_PACKAGES/>
    <LIB_REQUIRED_DEP_TPLS value="Netcdf"/>
    <LIB_OPTIONAL_DEP_TPLS/>
    <TEST_REQUIRED_DEP_TPLS value="Netcdf"/>
    <TEST_OPTIONAL_DEP_TPLS/>
    <EmailAddresses>
      <Regression address="seacas-regression@software.sandia.gov"/>
    </EmailAddresses>
    <ParentPackage value="SEACAS"/>
  </Package>
  <Package name="SEACASNemesis" dir="packages/seacas/libraries/nemesis" type="ST">
    <LIB_REQUIRED_DEP_PACKAGES value="SEACASExodus"/>
    <LIB_OPTIONAL_DEP_PACKAGES/>
    <TEST_REQUIRED_DEP_PACKAGES/>
    <TEST_OPTIONAL_DEP_PACKAGES/>
    <LIB_REQUIRED_DEP_TPLS/>
    <LIB_OPTIONAL_DEP_TPLS/>
    <TEST_REQUIRED_DEP_TPLS/>
    <TEST_OPTIONAL_DEP_TPLS/>
    <EmailAddresses>
      <Regression address="seacas-regression@software.sandia.gov"/>
    </EmailAddresses>
    <ParentPackage value="SEACAS"/>
  </Package>
  <Package name="SEACASIoss" dir="packages/seacas/libraries/ioss" type="ST">
    <LIB_REQUIRED_DEP_PACKAGES/>
    <LIB_OPTIONAL_DEP_PACKAGES value="SEACASExodus,Pamgen,Zoltan"/>
    <TEST_REQUIRED_DEP_PACKAGES/>
    <TEST_OPTIONAL_DEP_PACKAGES/>
    <LIB_REQUIRED_DEP_TPLS/>
    <LIB_OPTIONAL_DEP_TPLS value="XDMF,HDF5"/>
    <TEST_REQUIRED_DEP_TPLS/>
    <TEST_OPTIONAL_DEP_TPLS/>
    <EmailAddresses>
      <Regression address="seacas-regression@software.sandia.gov"/>
    </EmailAddresses>
    <ParentPackage value="SEACAS"/>
  </Package>
  <Package name="SEACASChaco" dir="packages/seacas/libraries/chaco" type="ST">
    <LIB_REQUIRED_DEP_PACKAGES/>
    <LIB_OPTIONAL_DEP_PACKAGES/>
    <TEST_REQUIRED_DEP_PACKAGES/>
    <TEST_OPTIONAL_DEP_PACKAGES/>
    <LIB_REQUIRED_DEP_TPLS/>
    <LIB_OPTIONAL_DEP_TPLS/>
    <TEST_REQUIRED_DEP_TPLS/>
    <TEST_OPTIONAL_DEP_TPLS/>
    <EmailAddresses>
      <Regression address="seacas-regression@software.sandia.gov"/>
    </EmailAddresses>
    <ParentPackage value="SEACAS"/>
  </Package>
  <Package name="SEACASAprepro_lib" dir="packages/seacas/libraries/aprepro_lib" type="ST">
    <LIB_REQUIRED_DEP_PACKAGES/>
    <LIB_OPTIONAL_DEP_PACKAGES/>
    <TEST_REQUIRED_DEP_PACKAGES/>
    <TEST_OPTIONAL_DEP_PACKAGES/>
    <LIB_REQUIRED_DEP_TPLS/>
    <LIB_OPTIONAL_DEP_TPLS/>
    <TEST_REQUIRED_DEP_TPLS/>
    <TEST_OPTIONAL_DEP_TPLS/>
    <EmailAddresses>
      <Regression address="seacas-regression@software.sandia.gov"/>
    </EmailAddresses>
    <ParentPackage value="SEACAS"/>
  </Package>
  <Package name="SEACASSupes" dir="packages/seacas/libraries/supes" type="ST">
    <LIB_REQUIRED_DEP_PACKAGES/>
    <LIB_OPTIONAL_DEP_PACKAGES/>
    <TEST_REQUIRED_DEP_PACKAGES/>
    <TEST_OPTIONAL_DEP_PACKAGES/>
    <LIB_REQUIRED_DEP_TPLS/>
    <LIB_OPTIONAL_DEP_TPLS/>
    <TEST_REQUIRED_DEP_TPLS/>
    <TEST_OPTIONAL_DEP_TPLS/>
    <EmailAddresses>
      <Regression address="seacas-regression@software.sandia.gov"/>
    </EmailAddresses>
    <ParentPackage value="SEACAS"/>
  </Package>
  <Package name="SEACASSuplib" dir="packages/seacas/libraries/suplib" type="ST">
    <LIB_REQUIRED_DEP_PACKAGES value="SEACASSupes,SEACASExodus_for"/>
    <LIB_OPTIONAL_DEP_PACKAGES/>
    <TEST_REQUIRED_DEP_PACKAGES/>
    <TEST_OPTIONAL_DEP_PACKAGES/>
    <LIB_REQUIRED_DEP_TPLS/>
    <LIB_OPTIONAL_DEP_TPLS/>
    <TEST_REQUIRED_DEP_TPLS/>
    <TEST_OPTIONAL_DEP_TPLS/>
    <EmailAddresses>
      <Regression address="seacas-regression@software.sandia.gov"/>
    </EmailAddresses>
    <ParentPackage value="SEACAS"/>
  </Package>
  <Package name="SEACASSVDI" dir="packages/seacas/libraries/svdi" type="ST">
    <LIB_REQUIRED_DEP_PACKAGES/>
    <LIB_OPTIONAL_DEP_PACKAGES/>
    <TEST_REQUIRED_DEP_PACKAGES/>
    <TEST_OPTIONAL_DEP_PACKAGES/>
    <LIB_REQUIRED_DEP_TPLS value="X11"/>
    <LIB_OPTIONAL_DEP_TPLS/>
    <TEST_REQUIRED_DEP_TPLS/>
    <TEST_OPTIONAL_DEP_TPLS/>
    <EmailAddresses>
      <Regression address="seacas-regression@software.sandia.gov"/>
    </EmailAddresses>
    <ParentPackage value="SEACAS"/>
  </Package>
  <Package name="SEACASPLT" dir="packages/seacas/libraries/plt" type="ST">
    <LIB_REQUIRED_DEP_PACKAGES value="SEACASSuplib,SEACASSVDI"/>
    <LIB_OPTIONAL_DEP_PACKAGES/>
    <TEST_REQUIRED_DEP_PACKAGES/>
    <TEST_OPTIONAL_DEP_PACKAGES/>
    <LIB_REQUIRED_DEP_TPLS/>
    <LIB_OPTIONAL_DEP_TPLS/>
    <TEST_REQUIRED_DEP_TPLS/>
    <TEST_OPTIONAL_DEP_TPLS/>
    <EmailAddresses>
      <Regression address="seacas-regression@software.sandia.gov"/>
    </EmailAddresses>
    <ParentPackage value="SEACAS"/>
  </Package>
  <Package name="SEACASAlgebra" dir="packages/seacas/applications/algebra" type="ST">
    <LIB_REQUIRED_DEP_PACKAGES value="SEACASSupes,SEACASSuplib,SEACASExodus_for"/>
    <LIB_OPTIONAL_DEP_PACKAGES/>
    <TEST_REQUIRED_DEP_PACKAGES/>
    <TEST_OPTIONAL_DEP_PACKAGES/>
    <LIB_REQUIRED_DEP_TPLS/>
    <LIB_OPTIONAL_DEP_TPLS/>
    <TEST_REQUIRED_DEP_TPLS/>
    <TEST_OPTIONAL_DEP_TPLS/>
    <EmailAddresses>
      <Regression address="seacas-regression@software.sandia.gov"/>
    </EmailAddresses>
    <ParentPackage value="SEACAS"/>
  </Package>
  <Package name="SEACASAprepro" dir="packages/seacas/applications/aprepro" type="ST">
    <LIB_REQUIRED_DEP_PACKAGES value="SEACASSuplib"/>
    <LIB_OPTIONAL_DEP_PACKAGES/>
    <TEST_REQUIRED_DEP_PACKAGES/>
    <TEST_OPTIONAL_DEP_PACKAGES/>
    <LIB_REQUIRED_DEP_TPLS/>
    <LIB_OPTIONAL_DEP_TPLS/>
    <TEST_REQUIRED_DEP_TPLS/>
    <TEST_OPTIONAL_DEP_TPLS/>
    <EmailAddresses>
      <Regression address="seacas-regression@software.sandia.gov"/>
    </EmailAddresses>
    <ParentPackage value="SEACAS"/>
  </Package>
  <Package name="SEACASBlot" dir="packages/seacas/applications/blot" type="ST">
    <LIB_REQUIRED_DEP_PACKAGES value="SEACASSupes,SEACASSuplib,SEACASExodus_for,SEACASPLT"/>
    <LIB_OPTIONAL_DEP_PACKAGES/>
    <TEST_REQUIRED_DEP_PACKAGES/>
    <TEST_OPTIONAL_DEP_PACKAGES/>
    <LIB_REQUIRED_DEP_TPLS/>
    <LIB_OPTIONAL_DEP_TPLS/>
    <TEST_REQUIRED_DEP_TPLS/>
    <TEST_OPTIONAL_DEP_TPLS/>
    <EmailAddresses>
      <Regression address="seacas-regression@software.sandia.gov"/>
    </EmailAddresses>
    <ParentPackage value="SEACAS"/>
  </Package>
  <Package name="SEACASConjoin" dir="packages/seacas/applications/conjoin" type="ST">
    <LIB_REQUIRED_DEP_PACKAGES value="SEACASExodus,SEACASSuplib"/>
    <LIB_OPTIONAL_DEP_PACKAGES/>
    <TEST_REQUIRED_DEP_PACKAGES/>
    <TEST_OPTIONAL_DEP_PACKAGES/>
    <LIB_REQUIRED_DEP_TPLS/>
    <LIB_OPTIONAL_DEP_TPLS/>
    <TEST_REQUIRED_DEP_TPLS/>
    <TEST_OPTIONAL_DEP_TPLS/>
    <EmailAddresses>
      <Regression address="seacas-regression@software.sandia.gov"/>
    </EmailAddresses>
    <ParentPackage value="SEACAS"/>
  </Package>
  <Package name="SEACASEjoin" dir="packages/seacas/applications/ejoin" type="ST">
    <LIB_REQUIRED_DEP_PACKAGES value="SEACASExodus,SEACASIoss,SEACASSuplib"/>
    <LIB_OPTIONAL_DEP_PACKAGES/>
    <TEST_REQUIRED_DEP_PACKAGES/>
    <TEST_OPTIONAL_DEP_PACKAGES/>
    <LIB_REQUIRED_DEP_TPLS/>
    <LIB_OPTIONAL_DEP_TPLS/>
    <TEST_REQUIRED_DEP_TPLS/>
    <TEST_OPTIONAL_DEP_TPLS/>
    <EmailAddresses>
      <Regression address="seacas-regression@software.sandia.gov"/>
    </EmailAddresses>
    <ParentPackage value="SEACAS"/>
  </Package>
  <Package name="SEACASEpu" dir="packages/seacas/applications/epu" type="ST">
    <LIB_REQUIRED_DEP_PACKAGES value="SEACASExodus,SEACASSuplib"/>
    <LIB_OPTIONAL_DEP_PACKAGES/>
    <TEST_REQUIRED_DEP_PACKAGES/>
    <TEST_OPTIONAL_DEP_PACKAGES/>
    <LIB_REQUIRED_DEP_TPLS/>
    <LIB_OPTIONAL_DEP_TPLS/>
    <TEST_REQUIRED_DEP_TPLS/>
    <TEST_OPTIONAL_DEP_TPLS/>
    <EmailAddresses>
      <Regression address="seacas-regression@software.sandia.gov"/>
    </EmailAddresses>
    <ParentPackage value="SEACAS"/>
  </Package>
  <Package name="SEACASExo2mat" dir="packages/seacas/applications/exo2mat" type="ST">
    <LIB_REQUIRED_DEP_PACKAGES value="SEACASExodus,SEACASSuplib"/>
    <LIB_OPTIONAL_DEP_PACKAGES/>
    <TEST_REQUIRED_DEP_PACKAGES/>
    <TEST_OPTIONAL_DEP_PACKAGES/>
    <LIB_REQUIRED_DEP_TPLS value="Matio"/>
    <LIB_OPTIONAL_DEP_TPLS/>
    <TEST_REQUIRED_DEP_TPLS/>
    <TEST_OPTIONAL_DEP_TPLS/>
    <EmailAddresses>
      <Regression address="seacas-regression@software.sandia.gov"/>
    </EmailAddresses>
    <ParentPackage value="SEACAS"/>
  </Package>
  <Package name="SEACASExodiff" dir="packages/seacas/applications/exodiff" type="ST">
    <LIB_REQUIRED_DEP_PACKAGES value="SEACASExodus,SEACASSuplib"/>
    <LIB_OPTIONAL_DEP_PACKAGES/>
    <TEST_REQUIRED_DEP_PACKAGES/>
    <TEST_OPTIONAL_DEP_PACKAGES/>
    <LIB_REQUIRED_DEP_TPLS/>
    <LIB_OPTIONAL_DEP_TPLS/>
    <TEST_REQUIRED_DEP_TPLS/>
    <TEST_OPTIONAL_DEP_TPLS/>
    <EmailAddresses>
      <Regression address="seacas-regression@software.sandia.gov"/>
    </EmailAddresses>
    <ParentPackage value="SEACAS"/>
  </Package>
  <Package name="SEACASExomatlab" dir="packages/seacas/applications/exomatlab" type="ST">
    <LIB_REQUIRED_DEP_PACKAGES value="SEACASIoss,SEACASSuplib"/>
    <LIB_OPTIONAL_DEP_PACKAGES/>
    <TEST_REQUIRED_DEP_PACKAGES/>
    <TEST_OPTIONAL_DEP_PACKAGES/>
    <LIB_REQUIRED_DEP_TPLS/>
    <LIB_OPTIONAL_DEP_TPLS/>
    <TEST_REQUIRED_DEP_TPLS/>
    <TEST_OPTIONAL_DEP_TPLS/>
    <EmailAddresses>
      <Regression address="seacas-regression@software.sandia.gov"/>
    </EmailAddresses>
    <ParentPackage value="SEACAS"/>
  </Package>
  <Package name="SEACASExotxt" dir="packages/seacas/applications/exotxt" type="ST">
    <LIB_REQUIRED_DEP_PACKAGES value="SEACASSupes,SEACASSuplib,SEACASExodus_for"/>
    <LIB_OPTIONAL_DEP_PACKAGES/>
    <TEST_REQUIRED_DEP_PACKAGES/>
    <TEST_OPTIONAL_DEP_PACKAGES/>
    <LIB_REQUIRED_DEP_TPLS/>
    <LIB_OPTIONAL_DEP_TPLS/>
    <TEST_REQUIRED_DEP_TPLS/>
    <TEST_OPTIONAL_DEP_TPLS/>
    <EmailAddresses>
      <Regression address="seacas-regression@software.sandia.gov"/>
    </EmailAddresses>
    <ParentPackage value="SEACAS"/>
  </Package>
  <Package name="SEACASFastq" dir="packages/seacas/applications/fastq" type="ST">
    <LIB_REQUIRED_DEP_PACKAGES value="SEACASSupes,SEACASSuplib,SEACASExodus_for,SEACASPLT"/>
    <LIB_OPTIONAL_DEP_PACKAGES/>
    <TEST_REQUIRED_DEP_PACKAGES/>
    <TEST_OPTIONAL_DEP_PACKAGES/>
    <LIB_REQUIRED_DEP_TPLS/>
    <LIB_OPTIONAL_DEP_TPLS/>
    <TEST_REQUIRED_DEP_TPLS/>
    <TEST_OPTIONAL_DEP_TPLS/>
    <EmailAddresses>
      <Regression address="seacas-regression@software.sandia.gov"/>
    </EmailAddresses>
    <ParentPackage value="SEACAS"/>
  </Package>
  <Package name="SEACASGjoin" dir="packages/seacas/applications/gjoin" type="ST">
    <LIB_REQUIRED_DEP_PACKAGES value="SEACASSupes,SEACASSuplib,SEACASExodus_for"/>
    <LIB_OPTIONAL_DEP_PACKAGES/>
    <TEST_REQUIRED_DEP_PACKAGES/>
    <TEST_OPTIONAL_DEP_PACKAGES/>
    <LIB_REQUIRED_DEP_TPLS/>
    <LIB_OPTIONAL_DEP_TPLS/>
    <TEST_REQUIRED_DEP_TPLS/>
    <TEST_OPTIONAL_DEP_TPLS/>
    <EmailAddresses>
      <Regression address="seacas-regression@software.sandia.gov"/>
    </EmailAddresses>
    <ParentPackage value="SEACAS"/>
  </Package>
  <Package name="SEACASGen3D" dir="packages/seacas/applications/gen3d" type="ST">
    <LIB_REQUIRED_DEP_PACKAGES value="SEACASSupes,SEACASSuplib,SEACASExodus_for"/>
    <LIB_OPTIONAL_DEP_PACKAGES/>
    <TEST_REQUIRED_DEP_PACKAGES/>
    <TEST_OPTIONAL_DEP_PACKAGES/>
    <LIB_REQUIRED_DEP_TPLS/>
    <LIB_OPTIONAL_DEP_TPLS/>
    <TEST_REQUIRED_DEP_TPLS/>
    <TEST_OPTIONAL_DEP_TPLS/>
    <EmailAddresses>
      <Regression address="seacas-regression@software.sandia.gov"/>
    </EmailAddresses>
    <ParentPackage value="SEACAS"/>
  </Package>
  <Package name="SEACASGenshell" dir="packages/seacas/applications/genshell" type="ST">
    <LIB_REQUIRED_DEP_PACKAGES value="SEACASSupes,SEACASSuplib,SEACASExodus_for"/>
    <LIB_OPTIONAL_DEP_PACKAGES/>
    <TEST_REQUIRED_DEP_PACKAGES/>
    <TEST_OPTIONAL_DEP_PACKAGES/>
    <LIB_REQUIRED_DEP_TPLS/>
    <LIB_OPTIONAL_DEP_TPLS/>
    <TEST_REQUIRED_DEP_TPLS/>
    <TEST_OPTIONAL_DEP_TPLS/>
    <EmailAddresses>
      <Regression address="seacas-regression@software.sandia.gov"/>
    </EmailAddresses>
    <ParentPackage value="SEACAS"/>
  </Package>
  <Package name="SEACASGrepos" dir="packages/seacas/applications/grepos" type="ST">
    <LIB_REQUIRED_DEP_PACKAGES value="SEACASSupes,SEACASSuplib,SEACASExodus_for"/>
    <LIB_OPTIONAL_DEP_PACKAGES/>
    <TEST_REQUIRED_DEP_PACKAGES/>
    <TEST_OPTIONAL_DEP_PACKAGES/>
    <LIB_REQUIRED_DEP_TPLS/>
    <LIB_OPTIONAL_DEP_TPLS/>
    <TEST_REQUIRED_DEP_TPLS/>
    <TEST_OPTIONAL_DEP_TPLS/>
    <EmailAddresses>
      <Regression address="seacas-regression@software.sandia.gov"/>
    </EmailAddresses>
    <ParentPackage value="SEACAS"/>
  </Package>
  <Package name="SEACASGrope" dir="packages/seacas/applications/grope" type="ST">
    <LIB_REQUIRED_DEP_PACKAGES value="SEACASSupes,SEACASSuplib,SEACASExodus_for"/>
    <LIB_OPTIONAL_DEP_PACKAGES/>
    <TEST_REQUIRED_DEP_PACKAGES/>
    <TEST_OPTIONAL_DEP_PACKAGES/>
    <LIB_REQUIRED_DEP_TPLS/>
    <LIB_OPTIONAL_DEP_TPLS/>
    <TEST_REQUIRED_DEP_TPLS/>
    <TEST_OPTIONAL_DEP_TPLS/>
    <EmailAddresses>
      <Regression address="seacas-regression@software.sandia.gov"/>
    </EmailAddresses>
    <ParentPackage value="SEACAS"/>
  </Package>
  <Package name="SEACASMapvarlib" dir="packages/seacas/libraries/mapvarlib" type="ST">
    <LIB_REQUIRED_DEP_PACKAGES value="SEACASSupes,SEACASSuplib,SEACASExodus_for"/>
    <LIB_OPTIONAL_DEP_PACKAGES/>
    <TEST_REQUIRED_DEP_PACKAGES/>
    <TEST_OPTIONAL_DEP_PACKAGES/>
    <LIB_REQUIRED_DEP_TPLS/>
    <LIB_OPTIONAL_DEP_TPLS/>
    <TEST_REQUIRED_DEP_TPLS/>
    <TEST_OPTIONAL_DEP_TPLS/>
    <EmailAddresses>
      <Regression address="seacas-regression@software.sandia.gov"/>
    </EmailAddresses>
    <ParentPackage value="SEACAS"/>
  </Package>
  <Package name="SEACASMapvar" dir="packages/seacas/applications/mapvar" type="ST">
    <LIB_REQUIRED_DEP_PACKAGES value="SEACASSupes,SEACASSuplib,SEACASExodus_for,SEACASMapvarlib"/>
    <LIB_OPTIONAL_DEP_PACKAGES/>
    <TEST_REQUIRED_DEP_PACKAGES/>
    <TEST_OPTIONAL_DEP_PACKAGES/>
    <LIB_REQUIRED_DEP_TPLS/>
    <LIB_OPTIONAL_DEP_TPLS/>
    <TEST_REQUIRED_DEP_TPLS/>
    <TEST_OPTIONAL_DEP_TPLS/>
    <EmailAddresses>
      <Regression address="seacas-regression@software.sandia.gov"/>
    </EmailAddresses>
    <ParentPackage value="SEACAS"/>
  </Package>
  <Package name="SEACASMapvar-kd" dir="packages/seacas/applications/mapvar-kd" type="ST">
    <LIB_REQUIRED_DEP_PACKAGES value="SEACASSupes,SEACASSuplib,SEACASExodus_for,SEACASMapvarlib"/>
    <LIB_OPTIONAL_DEP_PACKAGES/>
    <TEST_REQUIRED_DEP_PACKAGES/>
    <TEST_OPTIONAL_DEP_PACKAGES/>
    <LIB_REQUIRED_DEP_TPLS/>
    <LIB_OPTIONAL_DEP_TPLS/>
    <TEST_REQUIRED_DEP_TPLS/>
    <TEST_OPTIONAL_DEP_TPLS/>
    <EmailAddresses>
      <Regression address="seacas-regression@software.sandia.gov"/>
    </EmailAddresses>
    <ParentPackage value="SEACAS"/>
  </Package>
  <Package name="SEACASMat2exo" dir="packages/seacas/applications/mat2exo" type="ST">
    <LIB_REQUIRED_DEP_PACKAGES value="SEACASExodus,SEACASSuplib"/>
    <LIB_OPTIONAL_DEP_PACKAGES/>
    <TEST_REQUIRED_DEP_PACKAGES/>
    <TEST_OPTIONAL_DEP_PACKAGES/>
    <LIB_REQUIRED_DEP_TPLS value="Matio"/>
    <LIB_OPTIONAL_DEP_TPLS/>
    <TEST_REQUIRED_DEP_TPLS/>
    <TEST_OPTIONAL_DEP_TPLS/>
    <EmailAddresses>
      <Regression address="seacas-regression@software.sandia.gov"/>
    </EmailAddresses>
    <ParentPackage value="SEACAS"/>
  </Package>
  <Package name="SEACASNemslice" dir="packages/seacas/applications/nem_slice" type="ST">
    <LIB_REQUIRED_DEP_PACKAGES value="SEACASExodus,SEACASChaco,SEACASSuplib"/>
    <LIB_OPTIONAL_DEP_PACKAGES value="Zoltan"/>
    <TEST_REQUIRED_DEP_PACKAGES/>
    <TEST_OPTIONAL_DEP_PACKAGES/>
    <LIB_REQUIRED_DEP_TPLS/>
    <LIB_OPTIONAL_DEP_TPLS/>
    <TEST_REQUIRED_DEP_TPLS/>
    <TEST_OPTIONAL_DEP_TPLS/>
    <EmailAddresses>
      <Regression address="seacas-regression@software.sandia.gov"/>
    </EmailAddresses>
    <ParentPackage value="SEACAS"/>
  </Package>
  <Package name="SEACASNemspread" dir="packages/seacas/applications/nem_spread" type="ST">
    <LIB_REQUIRED_DEP_PACKAGES value="SEACASExodus,SEACASSuplib"/>
    <LIB_OPTIONAL_DEP_PACKAGES/>
    <TEST_REQUIRED_DEP_PACKAGES/>
    <TEST_OPTIONAL_DEP_PACKAGES/>
    <LIB_REQUIRED_DEP_TPLS/>
    <LIB_OPTIONAL_DEP_TPLS/>
    <TEST_REQUIRED_DEP_TPLS/>
    <TEST_OPTIONAL_DEP_TPLS/>
    <EmailAddresses>
      <Regression address="seacas-regression@software.sandia.gov"/>
    </EmailAddresses>
    <ParentPackage value="SEACAS"/>
  </Package>
  <Package name="SEACASNumbers" dir="packages/seacas/applications/numbers" type="ST">
    <LIB_REQUIRED_DEP_PACKAGES value="SEACASSupes,SEACASSuplib,SEACASExodus_for"/>
    <LIB_OPTIONAL_DEP_PACKAGES/>
    <TEST_REQUIRED_DEP_PACKAGES/>
    <TEST_OPTIONAL_DEP_PACKAGES/>
    <LIB_REQUIRED_DEP_TPLS/>
    <LIB_OPTIONAL_DEP_TPLS/>
    <TEST_REQUIRED_DEP_TPLS/>
    <TEST_OPTIONAL_DEP_TPLS/>
    <EmailAddresses>
      <Regression address="seacas-regression@software.sandia.gov"/>
    </EmailAddresses>
    <ParentPackage value="SEACAS"/>
  </Package>
  <Package name="SEACASTxtexo" dir="packages/seacas/applications/txtexo" type="ST">
    <LIB_REQUIRED_DEP_PACKAGES value="SEACASSupes,SEACASSuplib,SEACASExodus_for,SEACASExodus"/>
    <LIB_OPTIONAL_DEP_PACKAGES/>
    <TEST_REQUIRED_DEP_PACKAGES/>
    <TEST_OPTIONAL_DEP_PACKAGES/>
    <LIB_REQUIRED_DEP_TPLS/>
    <LIB_OPTIONAL_DEP_TPLS/>
    <TEST_REQUIRED_DEP_TPLS/>
    <TEST_OPTIONAL_DEP_TPLS/>
    <EmailAddresses>
      <Regression address="seacas-regression@software.sandia.gov"/>
    </EmailAddresses>
    <ParentPackage value="SEACAS"/>
  </Package>
  <Package name="SEACAS" dir="packages/seacas" type="ST">
    <LIB_REQUIRED_DEP_PACKAGES value="SEACASExodus,SEACASExodus_for,SEACASNemesis,SEACASIoss,SEACASChaco,SEACASAprepro_lib,SEACASSupes,SEACASSuplib,SEACASAlgebra,SEACASAprepro,SEACASConjoin,SEACASEjoin,SEACASEpu,SEACASExodiff,SEACASExomatlab,SEACASExotxt,SEACASGjoin,SEACASGen3D,SEACASGenshell,SEACASGrepos,SEACASGrope,SEACASMapvarlib,SEACASMapvar,SEACASMapvar-kd,SEACASNemslice,SEACASNemspread,SEACASNumbers,SEACASTxtexo"/>
    <LIB_OPTIONAL_DEP_PACKAGES value="SEACASSVDI,SEACASPLT,SEACASBlot,SEACASExo2mat,SEACASFastq,SEACASMat2exo"/>
    <TEST_REQUIRED_DEP_PACKAGES/>
    <TEST_OPTIONAL_DEP_PACKAGES/>
    <LIB_REQUIRED_DEP_TPLS/>
    <LIB_OPTIONAL_DEP_TPLS value="MPI"/>
    <TEST_REQUIRED_DEP_TPLS/>
    <TEST_OPTIONAL_DEP_TPLS/>
    <EmailAddresses>
      <Regression address="seacas-regression@software.sandia.gov"/>
    </EmailAddresses>
    <ParentPackage value=""/>
  </Package>
  <Package name="Trioscommsplitter" dir="packages/trios/libraries/commsplitter" type="EX">
    <LIB_REQUIRED_DEP_PACKAGES/>
    <LIB_OPTIONAL_DEP_PACKAGES/>
    <TEST_REQUIRED_DEP_PACKAGES/>
    <TEST_OPTIONAL_DEP_PACKAGES/>
    <LIB_REQUIRED_DEP_TPLS value="MPI"/>
    <LIB_OPTIONAL_DEP_TPLS value="HPCToolkit"/>
    <TEST_REQUIRED_DEP_TPLS/>
    <TEST_OPTIONAL_DEP_TPLS/>
    <EmailAddresses>
      <Regression address="trios-regression@software.sandia.gov"/>
    </EmailAddresses>
    <ParentPackage value="Trios"/>
  </Package>
  <Package name="Triossupport" dir="packages/trios/libraries/support" type="EX">
    <LIB_REQUIRED_DEP_PACKAGES/>
    <LIB_OPTIONAL_DEP_PACKAGES/>
    <TEST_REQUIRED_DEP_PACKAGES/>
    <TEST_OPTIONAL_DEP_PACKAGES/>
    <LIB_REQUIRED_DEP_TPLS/>
    <LIB_OPTIONAL_DEP_TPLS value="Pablo"/>
    <TEST_REQUIRED_DEP_TPLS/>
    <TEST_OPTIONAL_DEP_TPLS/>
    <EmailAddresses>
      <Regression address="trios-regression@software.sandia.gov"/>
    </EmailAddresses>
    <ParentPackage value="Trios"/>
  </Package>
  <Package name="Triosnnti" dir="packages/trios/libraries/nessie/nnti" type="EX">
    <LIB_REQUIRED_DEP_PACKAGES value="Triossupport"/>
    <LIB_OPTIONAL_DEP_PACKAGES value="Trioscommsplitter"/>
    <TEST_REQUIRED_DEP_PACKAGES/>
    <TEST_OPTIONAL_DEP_PACKAGES/>
    <LIB_REQUIRED_DEP_TPLS/>
    <LIB_OPTIONAL_DEP_TPLS value="CrayPortals,Portals,Gemini,InfiniBand,BGPDCMF,HPCToolkit"/>
    <TEST_REQUIRED_DEP_TPLS/>
    <TEST_OPTIONAL_DEP_TPLS/>
    <EmailAddresses>
      <Regression address="trios-regression@software.sandia.gov"/>
    </EmailAddresses>
    <ParentPackage value="Trios"/>
  </Package>
  <Package name="Triosnssi" dir="packages/trios/libraries/nessie/nssi" type="EX">
    <LIB_REQUIRED_DEP_PACKAGES value="Triosnnti"/>
    <LIB_OPTIONAL_DEP_PACKAGES/>
    <TEST_REQUIRED_DEP_PACKAGES/>
    <TEST_OPTIONAL_DEP_PACKAGES/>
    <LIB_REQUIRED_DEP_TPLS/>
    <LIB_OPTIONAL_DEP_TPLS/>
    <TEST_REQUIRED_DEP_TPLS/>
    <TEST_OPTIONAL_DEP_TPLS/>
    <EmailAddresses>
      <Regression address="trios-regression@software.sandia.gov"/>
    </EmailAddresses>
    <ParentPackage value="Trios"/>
  </Package>
  <Package name="Triosprograms" dir="packages/trios/programs" type="EX">
    <LIB_REQUIRED_DEP_PACKAGES value="Triosnssi,TeuchosCore"/>
    <LIB_OPTIONAL_DEP_PACKAGES/>
    <TEST_REQUIRED_DEP_PACKAGES/>
    <TEST_OPTIONAL_DEP_PACKAGES/>
    <LIB_REQUIRED_DEP_TPLS/>
    <LIB_OPTIONAL_DEP_TPLS value="LibTopoMap,ParMETIS,METIS,gpcd"/>
    <TEST_REQUIRED_DEP_TPLS/>
    <TEST_OPTIONAL_DEP_TPLS/>
    <EmailAddresses>
      <Regression address="trios-regression@software.sandia.gov"/>
    </EmailAddresses>
    <ParentPackage value="Trios"/>
  </Package>
  <Package name="Triosexamples" dir="packages/trios/examples" type="EX">
    <LIB_REQUIRED_DEP_PACKAGES value="Triosnssi,TeuchosCore"/>
    <LIB_OPTIONAL_DEP_PACKAGES/>
    <TEST_REQUIRED_DEP_PACKAGES/>
    <TEST_OPTIONAL_DEP_PACKAGES/>
    <LIB_REQUIRED_DEP_TPLS value="MPI"/>
    <LIB_OPTIONAL_DEP_TPLS/>
    <TEST_REQUIRED_DEP_TPLS/>
    <TEST_OPTIONAL_DEP_TPLS/>
    <EmailAddresses>
      <Regression address="trios-regression@software.sandia.gov"/>
    </EmailAddresses>
    <ParentPackage value="Trios"/>
  </Package>
  <Package name="Triostests" dir="packages/trios/tests" type="EX">
    <LIB_REQUIRED_DEP_PACKAGES value="Triosnssi,TeuchosCore"/>
    <LIB_OPTIONAL_DEP_PACKAGES/>
    <TEST_REQUIRED_DEP_PACKAGES/>
    <TEST_OPTIONAL_DEP_PACKAGES/>
    <LIB_REQUIRED_DEP_TPLS/>
    <LIB_OPTIONAL_DEP_TPLS value="MPI,Pthread"/>
    <TEST_REQUIRED_DEP_TPLS/>
    <TEST_OPTIONAL_DEP_TPLS/>
    <EmailAddresses>
      <Regression address="trios-regression@software.sandia.gov"/>
    </EmailAddresses>
    <ParentPackage value="Trios"/>
  </Package>
  <Package name="Triosnetcdf-service" dir="packages/trios/services/netcdf" type="EX">
    <LIB_REQUIRED_DEP_PACKAGES value="Triosnssi,TeuchosCore"/>
    <LIB_OPTIONAL_DEP_PACKAGES/>
    <TEST_REQUIRED_DEP_PACKAGES/>
    <TEST_OPTIONAL_DEP_PACKAGES/>
    <LIB_REQUIRED_DEP_TPLS value="MPI,Pnetcdf,Netcdf"/>
    <LIB_OPTIONAL_DEP_TPLS/>
    <TEST_REQUIRED_DEP_TPLS/>
    <TEST_OPTIONAL_DEP_TPLS/>
    <EmailAddresses>
      <Regression address="trios-regression@software.sandia.gov"/>
    </EmailAddresses>
    <ParentPackage value="Trios"/>
  </Package>
  <Package name="Trios" dir="packages/trios" type="EX">
    <LIB_REQUIRED_DEP_PACKAGES/>
    <LIB_OPTIONAL_DEP_PACKAGES value="TeuchosCore,Trioscommsplitter,Triossupport,Triosnnti,Triosnssi,Triosprograms,Triosexamples,Triostests,Triosnetcdf-service"/>
    <TEST_REQUIRED_DEP_PACKAGES/>
    <TEST_OPTIONAL_DEP_PACKAGES/>
    <LIB_REQUIRED_DEP_TPLS/>
    <LIB_OPTIONAL_DEP_TPLS value="BGQPAMI,BGPDCMF,MPI,Netcdf,Pnetcdf,Pthread,CrayPortals,Portals,Gemini,InfiniBand,Pablo,PAPI,HPCToolkit"/>
    <TEST_REQUIRED_DEP_TPLS/>
    <TEST_OPTIONAL_DEP_TPLS/>
    <EmailAddresses>
      <Regression address="trios-regression@software.sandia.gov"/>
    </EmailAddresses>
    <ParentPackage value=""/>
  </Package>
  <Package name="Ifpack" dir="packages/ifpack" type="PT">
    <LIB_REQUIRED_DEP_PACKAGES value="Teuchos,Epetra"/>
    <LIB_OPTIONAL_DEP_PACKAGES value="Amesos,EpetraExt,AztecOO"/>
    <TEST_REQUIRED_DEP_PACKAGES/>
    <TEST_OPTIONAL_DEP_PACKAGES value="Galeri"/>
    <LIB_REQUIRED_DEP_TPLS/>
    <LIB_OPTIONAL_DEP_TPLS value="HYPRE,HIPS,SuperLU,SPARSKIT,Boost"/>
    <TEST_REQUIRED_DEP_TPLS/>
    <TEST_OPTIONAL_DEP_TPLS value="HYPRE,SuperLU,SPARSKIT"/>
    <EmailAddresses>
      <Regression address="ifpack-regression@software.sandia.gov"/>
    </EmailAddresses>
    <ParentPackage value=""/>
  </Package>
  <Package name="Komplex" dir="packages/komplex" type="PT">
    <LIB_REQUIRED_DEP_PACKAGES value="Teuchos,Epetra,AztecOO"/>
    <LIB_OPTIONAL_DEP_PACKAGES/>
    <TEST_REQUIRED_DEP_PACKAGES/>
    <TEST_OPTIONAL_DEP_PACKAGES/>
    <LIB_REQUIRED_DEP_TPLS/>
    <LIB_OPTIONAL_DEP_TPLS/>
    <TEST_REQUIRED_DEP_TPLS/>
    <TEST_OPTIONAL_DEP_TPLS/>
    <EmailAddresses>
      <Regression address="komplex-regression@software.sandia.gov"/>
    </EmailAddresses>
    <ParentPackage value=""/>
  </Package>
  <Package name="ML" dir="packages/ml" type="PT">
    <LIB_REQUIRED_DEP_PACKAGES/>
    <LIB_OPTIONAL_DEP_PACKAGES value="Teuchos,Epetra,Zoltan,Galeri,Amesos,Ifpack,AztecOO,EpetraExt,Isorropia"/>
    <TEST_REQUIRED_DEP_PACKAGES/>
    <TEST_OPTIONAL_DEP_PACKAGES/>
    <LIB_REQUIRED_DEP_TPLS value="BLAS,LAPACK"/>
    <LIB_OPTIONAL_DEP_TPLS value="MPI,METIS,ParMETIS,PETSC,SuperLU,MATLAB"/>
    <TEST_REQUIRED_DEP_TPLS/>
    <TEST_OPTIONAL_DEP_TPLS value="METIS,ParMETIS,SuperLU"/>
    <EmailAddresses>
      <Regression address="ml-regression@software.sandia.gov"/>
    </EmailAddresses>
    <ParentPackage value=""/>
  </Package>
  <Package name="Belos" dir="packages/belos" type="PT">
    <LIB_REQUIRED_DEP_PACKAGES value="Teuchos"/>
    <LIB_OPTIONAL_DEP_PACKAGES value="Epetra,Tpetra"/>
    <TEST_REQUIRED_DEP_PACKAGES/>
    <TEST_OPTIONAL_DEP_PACKAGES value="Galeri,Triutils,EpetraExt,Ifpack,ML"/>
    <LIB_REQUIRED_DEP_TPLS/>
    <LIB_OPTIONAL_DEP_TPLS/>
    <TEST_REQUIRED_DEP_TPLS/>
    <TEST_OPTIONAL_DEP_TPLS/>
    <EmailAddresses>
      <Regression address="belos-regression@software.sandia.gov"/>
    </EmailAddresses>
    <ParentPackage value=""/>
  </Package>
  <Package name="Anasazi" dir="packages/anasazi" type="PT">
    <LIB_REQUIRED_DEP_PACKAGES value="Teuchos"/>
    <LIB_OPTIONAL_DEP_PACKAGES value="Tpetra,Epetra,ThyraCore,ThyraEpetraAdapters,Belos"/>
    <TEST_REQUIRED_DEP_PACKAGES/>
    <TEST_OPTIONAL_DEP_PACKAGES value="Amesos,AztecOO,Belos,EpetraExt,Galeri,Ifpack,Triutils"/>
    <LIB_REQUIRED_DEP_TPLS/>
    <LIB_OPTIONAL_DEP_TPLS value="TBB"/>
    <TEST_REQUIRED_DEP_TPLS/>
    <TEST_OPTIONAL_DEP_TPLS/>
    <EmailAddresses>
      <Regression address="anasazi-regression@software.sandia.gov"/>
    </EmailAddresses>
    <ParentPackage value=""/>
  </Package>
  <Package name="Zoltan2" dir="packages/zoltan2" type="ST">
    <LIB_REQUIRED_DEP_PACKAGES value="Tpetra,KokkosClassic,Epetra,Teuchos,Xpetra"/>
    <LIB_OPTIONAL_DEP_PACKAGES value="Anasazi,Zoltan"/>
    <TEST_REQUIRED_DEP_PACKAGES value="Tpetra,KokkosClassic,Epetra,Teuchos,Xpetra,Galeri,Pamgen"/>
    <TEST_OPTIONAL_DEP_PACKAGES value="Zoltan"/>
    <LIB_REQUIRED_DEP_TPLS/>
    <LIB_OPTIONAL_DEP_TPLS value="METIS,PaToH,ParMETIS,Scotch,AMD,CCOLAMD,OVIS"/>
    <TEST_REQUIRED_DEP_TPLS/>
    <TEST_OPTIONAL_DEP_TPLS value="METIS,PaToH,ParMETIS,Scotch,AMD,CCOLAMD,OVIS"/>
    <EmailAddresses>
      <Regression address="zoltan2-regression@software.sandia.gov"/>
    </EmailAddresses>
    <ParentPackage value=""/>
  </Package>
  <Package name="Ifpack2" dir="packages/ifpack2" type="PT">
    <LIB_REQUIRED_DEP_PACKAGES value="Belos,Teuchos,Tpetra,KokkosClassic"/>
    <LIB_OPTIONAL_DEP_PACKAGES value="Xpetra,Zoltan2,ThyraTpetraAdapters,Amesos2"/>
    <TEST_REQUIRED_DEP_PACKAGES value="Belos,Galeri"/>
    <TEST_OPTIONAL_DEP_PACKAGES value="Amesos2"/>
    <LIB_REQUIRED_DEP_TPLS/>
    <LIB_OPTIONAL_DEP_TPLS value="Cholmod,Lemon"/>
    <TEST_REQUIRED_DEP_TPLS/>
    <TEST_OPTIONAL_DEP_TPLS value="QD"/>
    <EmailAddresses>
      <Regression address="ifpack2-regression@software.sandia.gov"/>
    </EmailAddresses>
    <ParentPackage value=""/>
  </Package>
  <Package name="ShyLU" dir="packages/shylu" type="EX">
    <LIB_REQUIRED_DEP_PACKAGES value="Epetra,Isorropia,AztecOO,Belos,Ifpack,Amesos,Teuchos,Anasazi"/>
    <LIB_OPTIONAL_DEP_PACKAGES/>
    <TEST_REQUIRED_DEP_PACKAGES value="ML"/>
    <TEST_OPTIONAL_DEP_PACKAGES/>
    <LIB_REQUIRED_DEP_TPLS/>
    <LIB_OPTIONAL_DEP_TPLS/>
    <TEST_REQUIRED_DEP_TPLS/>
    <TEST_OPTIONAL_DEP_TPLS/>
    <EmailAddresses>
      <Regression address="shylu-regression@software.sandia.gov"/>
    </EmailAddresses>
    <ParentPackage value=""/>
  </Package>
  <Package name="Stratimikos" dir="packages/stratimikos" type="PT">
    <LIB_REQUIRED_DEP_PACKAGES value="ThyraEpetraAdapters"/>
    <LIB_OPTIONAL_DEP_PACKAGES value="Amesos,AztecOO,Belos,Ifpack,ML,EpetraExt"/>
    <TEST_REQUIRED_DEP_PACKAGES/>
    <TEST_OPTIONAL_DEP_PACKAGES value="Triutils"/>
    <LIB_REQUIRED_DEP_TPLS/>
    <LIB_OPTIONAL_DEP_TPLS/>
    <TEST_REQUIRED_DEP_TPLS/>
    <TEST_OPTIONAL_DEP_TPLS/>
    <EmailAddresses>
      <Regression address="stratimikos-regression@software.sandia.gov"/>
    </EmailAddresses>
    <ParentPackage value=""/>
  </Package>
  <Package name="FEI" dir="packages/fei" type="PT">
    <LIB_REQUIRED_DEP_PACKAGES value="Teuchos"/>
    <LIB_OPTIONAL_DEP_PACKAGES value="Epetra,AztecOO,Belos,Amesos,Ifpack,ML"/>
    <TEST_REQUIRED_DEP_PACKAGES/>
    <TEST_OPTIONAL_DEP_PACKAGES/>
    <LIB_REQUIRED_DEP_TPLS/>
    <LIB_OPTIONAL_DEP_TPLS value="MPI,Boost"/>
    <TEST_REQUIRED_DEP_TPLS/>
    <TEST_OPTIONAL_DEP_TPLS/>
    <EmailAddresses>
      <Regression address="fei-regression@software.sandia.gov"/>
    </EmailAddresses>
    <ParentPackage value=""/>
  </Package>
  <Package name="Teko" dir="packages/teko" type="ST">
    <LIB_REQUIRED_DEP_PACKAGES value="Teuchos,Thyra,ThyraEpetraAdapters,ThyraEpetraExtAdapters,Stratimikos,AztecOO,Anasazi,ML,Ifpack,Amesos"/>
    <LIB_OPTIONAL_DEP_PACKAGES value="Isorropia,Ifpack2,ThyraTpetraAdapters,Tpetra"/>
    <TEST_REQUIRED_DEP_PACKAGES/>
    <TEST_OPTIONAL_DEP_PACKAGES/>
    <LIB_REQUIRED_DEP_TPLS/>
    <LIB_OPTIONAL_DEP_TPLS/>
    <TEST_REQUIRED_DEP_TPLS/>
    <TEST_OPTIONAL_DEP_TPLS/>
    <EmailAddresses>
      <Regression address="teko-regression@software.sandia.gov"/>
    </EmailAddresses>
    <ParentPackage value=""/>
  </Package>
  <Package name="RBGen" dir="packages/rbgen" type="PT">
    <LIB_REQUIRED_DEP_PACKAGES value="Teuchos"/>
    <LIB_OPTIONAL_DEP_PACKAGES value="Epetra,EpetraExt,Anasazi"/>
    <TEST_REQUIRED_DEP_PACKAGES/>
    <TEST_OPTIONAL_DEP_PACKAGES/>
    <LIB_REQUIRED_DEP_TPLS value="BLAS,LAPACK"/>
    <LIB_OPTIONAL_DEP_TPLS/>
    <TEST_REQUIRED_DEP_TPLS/>
    <TEST_OPTIONAL_DEP_TPLS/>
    <EmailAddresses>
      <Regression address="rbgen-regression@software.sandia.gov"/>
    </EmailAddresses>
    <ParentPackage value=""/>
  </Package>
  <Package name="TriKota" dir="packages/TriKota" type="ST">
    <LIB_REQUIRED_DEP_PACKAGES value="Teuchos,Epetra,EpetraExt,Thyra"/>
    <LIB_OPTIONAL_DEP_PACKAGES/>
    <TEST_REQUIRED_DEP_PACKAGES/>
    <TEST_OPTIONAL_DEP_PACKAGES/>
    <LIB_REQUIRED_DEP_TPLS value="Boost"/>
    <LIB_OPTIONAL_DEP_TPLS/>
    <TEST_REQUIRED_DEP_TPLS/>
    <TEST_OPTIONAL_DEP_TPLS/>
    <EmailAddresses>
      <Regression address="trikota-regression@software.sandia.gov"/>
    </EmailAddresses>
    <ParentPackage value=""/>
  </Package>
  <Package name="Intrepid" dir="packages/intrepid" type="PT">
    <LIB_REQUIRED_DEP_PACKAGES value="Teuchos,Shards,Sacado"/>
    <LIB_OPTIONAL_DEP_PACKAGES/>
    <TEST_REQUIRED_DEP_PACKAGES/>
    <TEST_OPTIONAL_DEP_PACKAGES value="Epetra,EpetraExt,Amesos,Pamgen"/>
    <LIB_REQUIRED_DEP_TPLS/>
    <LIB_OPTIONAL_DEP_TPLS value="Boost"/>
    <TEST_REQUIRED_DEP_TPLS/>
    <TEST_OPTIONAL_DEP_TPLS/>
    <EmailAddresses>
      <Regression address="intrepid-regression@software.sandia.gov"/>
    </EmailAddresses>
    <ParentPackage value=""/>
  </Package>
  <Package name="STKClassic" dir="packages/stk/stk_classic" type="ST">
    <LIB_REQUIRED_DEP_PACKAGES value="Shards,Teuchos"/>
    <LIB_OPTIONAL_DEP_PACKAGES value="SEACASIoss,FEI,AztecOO,ThreadPool,Zoltan,Intrepid,Sacado"/>
    <TEST_REQUIRED_DEP_PACKAGES value="SEACASExodus"/>
    <TEST_OPTIONAL_DEP_PACKAGES/>
    <LIB_REQUIRED_DEP_TPLS value="Boost"/>
    <LIB_OPTIONAL_DEP_TPLS value="BoostLib,OpenNURBS"/>
    <TEST_REQUIRED_DEP_TPLS/>
    <TEST_OPTIONAL_DEP_TPLS value="gtest"/>
    <EmailAddresses>
      <Regression address="stk-regression@software.sandia.gov"/>
    </EmailAddresses>
    <ParentPackage value="STK"/>
  </Package>
  <Package name="STKUtil" dir="packages/stk/stk_util" type="ST">
    <LIB_REQUIRED_DEP_PACKAGES value="SEACASAprepro_lib"/>
    <LIB_OPTIONAL_DEP_PACKAGES/>
    <TEST_REQUIRED_DEP_PACKAGES value="Gtest"/>
    <TEST_OPTIONAL_DEP_PACKAGES/>
    <LIB_REQUIRED_DEP_TPLS/>
    <LIB_OPTIONAL_DEP_TPLS value="BoostLib"/>
    <TEST_REQUIRED_DEP_TPLS/>
    <TEST_OPTIONAL_DEP_TPLS/>
    <EmailAddresses>
      <Regression address="stk-regression@software.sandia.gov"/>
    </EmailAddresses>
    <ParentPackage value="STK"/>
  </Package>
  <Package name="STKTopology" dir="packages/stk/stk_topology" type="ST">
    <LIB_REQUIRED_DEP_PACKAGES/>
    <LIB_OPTIONAL_DEP_PACKAGES/>
    <TEST_REQUIRED_DEP_PACKAGES value="STKUtil,Gtest"/>
    <TEST_OPTIONAL_DEP_PACKAGES/>
    <LIB_REQUIRED_DEP_TPLS value="BoostLib"/>
    <LIB_OPTIONAL_DEP_TPLS/>
    <TEST_REQUIRED_DEP_TPLS/>
    <TEST_OPTIONAL_DEP_TPLS/>
    <EmailAddresses>
      <Regression address="stk-regression@software.sandia.gov"/>
    </EmailAddresses>
    <ParentPackage value="STK"/>
  </Package>
  <Package name="STKMesh" dir="packages/stk/stk_mesh" type="ST">
    <LIB_REQUIRED_DEP_PACKAGES value="Shards,STKTopology,STKUtil"/>
    <LIB_OPTIONAL_DEP_PACKAGES/>
    <TEST_REQUIRED_DEP_PACKAGES value="Gtest"/>
    <TEST_OPTIONAL_DEP_PACKAGES/>
    <LIB_REQUIRED_DEP_TPLS value="BLAS,BoostLib"/>
    <LIB_OPTIONAL_DEP_TPLS/>
    <TEST_REQUIRED_DEP_TPLS/>
    <TEST_OPTIONAL_DEP_TPLS/>
    <EmailAddresses>
      <Regression address="stk-regression@software.sandia.gov"/>
    </EmailAddresses>
    <ParentPackage value="STK"/>
  </Package>
  <Package name="STKIO" dir="packages/stk/stk_io" type="ST">
    <LIB_REQUIRED_DEP_PACKAGES value="TeuchosCore,SEACASIoss,STKMesh"/>
    <LIB_OPTIONAL_DEP_PACKAGES/>
    <TEST_REQUIRED_DEP_PACKAGES value="Gtest,STKUtil"/>
    <TEST_OPTIONAL_DEP_PACKAGES/>
    <LIB_REQUIRED_DEP_TPLS/>
    <LIB_OPTIONAL_DEP_TPLS/>
    <TEST_REQUIRED_DEP_TPLS/>
    <TEST_OPTIONAL_DEP_TPLS/>
    <EmailAddresses>
      <Regression address="stk-regression@software.sandia.gov"/>
    </EmailAddresses>
    <ParentPackage value="STK"/>
  </Package>
  <Package name="STKSearch" dir="packages/stk/stk_search" type="ST">
    <LIB_REQUIRED_DEP_PACKAGES value="ThreadPool,STKUtil"/>
    <LIB_OPTIONAL_DEP_PACKAGES/>
    <TEST_REQUIRED_DEP_PACKAGES value="Gtest"/>
    <TEST_OPTIONAL_DEP_PACKAGES/>
    <LIB_REQUIRED_DEP_TPLS/>
    <LIB_OPTIONAL_DEP_TPLS/>
    <TEST_REQUIRED_DEP_TPLS/>
    <TEST_OPTIONAL_DEP_TPLS/>
    <EmailAddresses>
      <Regression address="stk-regression@software.sandia.gov"/>
    </EmailAddresses>
    <ParentPackage value="STK"/>
  </Package>
  <Package name="STKSearchUtil" dir="packages/stk/stk_search_util" type="ST">
    <LIB_REQUIRED_DEP_PACKAGES value="STKSearch,STKMesh,STKUtil"/>
    <LIB_OPTIONAL_DEP_PACKAGES/>
    <TEST_REQUIRED_DEP_PACKAGES value="Gtest"/>
    <TEST_OPTIONAL_DEP_PACKAGES/>
    <LIB_REQUIRED_DEP_TPLS value="GLM"/>
    <LIB_OPTIONAL_DEP_TPLS/>
    <TEST_REQUIRED_DEP_TPLS/>
    <TEST_OPTIONAL_DEP_TPLS/>
    <EmailAddresses>
      <Regression address="stk-regression@software.sandia.gov"/>
    </EmailAddresses>
    <ParentPackage value="STK"/>
  </Package>
  <Package name="STKTransfer" dir="packages/stk/stk_transfer" type="ST">
    <LIB_REQUIRED_DEP_PACKAGES/>
    <LIB_OPTIONAL_DEP_PACKAGES/>
    <TEST_REQUIRED_DEP_PACKAGES value="STKSearch,STKIO,STKMesh,STKUtil,Shards,Intrepid"/>
    <TEST_OPTIONAL_DEP_PACKAGES/>
    <LIB_REQUIRED_DEP_TPLS/>
    <LIB_OPTIONAL_DEP_TPLS/>
    <TEST_REQUIRED_DEP_TPLS/>
    <TEST_OPTIONAL_DEP_TPLS/>
    <EmailAddresses>
      <Regression address="stk-regression@software.sandia.gov"/>
    </EmailAddresses>
    <ParentPackage value="STK"/>
  </Package>
  <Package name="STKUnit_tests" dir="packages/stk/stk_unit_tests" type="ST">
    <LIB_REQUIRED_DEP_PACKAGES value="Gtest,Shards,STKTopology,STKUtil,STKMesh,STKIO"/>
    <LIB_OPTIONAL_DEP_PACKAGES/>
    <TEST_REQUIRED_DEP_PACKAGES/>
    <TEST_OPTIONAL_DEP_PACKAGES/>
    <LIB_REQUIRED_DEP_TPLS value="BoostLib"/>
    <LIB_OPTIONAL_DEP_TPLS/>
    <TEST_REQUIRED_DEP_TPLS/>
    <TEST_OPTIONAL_DEP_TPLS/>
    <EmailAddresses>
      <Regression address="stk-regression@software.sandia.gov"/>
    </EmailAddresses>
    <ParentPackage value="STK"/>
  </Package>
  <Package name="STKDoc_tests" dir="packages/stk/stk_doc_tests" type="ST">
    <LIB_REQUIRED_DEP_PACKAGES value="Gtest,Shards,STKTopology,STKUtil,STKMesh,STKIO"/>
    <LIB_OPTIONAL_DEP_PACKAGES/>
    <TEST_REQUIRED_DEP_PACKAGES/>
    <TEST_OPTIONAL_DEP_PACKAGES/>
    <LIB_REQUIRED_DEP_TPLS value="BoostLib"/>
    <LIB_OPTIONAL_DEP_TPLS/>
    <TEST_REQUIRED_DEP_TPLS/>
    <TEST_OPTIONAL_DEP_TPLS/>
    <EmailAddresses>
      <Regression address="stk-regression@software.sandia.gov"/>
    </EmailAddresses>
    <ParentPackage value="STK"/>
  </Package>
  <Package name="STKExp" dir="packages/stk/stk_exp" type="ST">
    <LIB_REQUIRED_DEP_PACKAGES value="Gtest,Shards,STKTopology,STKUtil,STKMesh"/>
    <LIB_OPTIONAL_DEP_PACKAGES/>
    <TEST_REQUIRED_DEP_PACKAGES value="STKMesh,STKTopology"/>
    <TEST_OPTIONAL_DEP_PACKAGES value="STKIO,KokkosCore"/>
    <LIB_REQUIRED_DEP_TPLS value="BoostLib"/>
    <LIB_OPTIONAL_DEP_TPLS/>
    <TEST_REQUIRED_DEP_TPLS/>
    <TEST_OPTIONAL_DEP_TPLS/>
    <EmailAddresses>
      <Regression address="stk-regression@software.sandia.gov"/>
    </EmailAddresses>
    <ParentPackage value="STK"/>
  </Package>
  <Package name="STK" dir="packages/stk" type="ST">
    <LIB_REQUIRED_DEP_PACKAGES/>
    <LIB_OPTIONAL_DEP_PACKAGES value="STKClassic,STKUtil,STKTopology,STKMesh,STKIO,STKSearch,STKSearchUtil,STKTransfer,STKUnit_tests,STKDoc_tests,STKExp"/>
    <TEST_REQUIRED_DEP_PACKAGES value="Gtest"/>
    <TEST_OPTIONAL_DEP_PACKAGES value="KokkosCore"/>
    <LIB_REQUIRED_DEP_TPLS/>
    <LIB_OPTIONAL_DEP_TPLS value="MPI"/>
    <TEST_REQUIRED_DEP_TPLS/>
    <TEST_OPTIONAL_DEP_TPLS/>
    <EmailAddresses>
      <Regression address="stk-regression@software.sandia.gov"/>
    </EmailAddresses>
    <ParentPackage value=""/>
  </Package>
  <Package name="Phalanx" dir="packages/phalanx" type="ST">
    <LIB_REQUIRED_DEP_PACKAGES value="Teuchos,Shards,Sacado"/>
    <LIB_OPTIONAL_DEP_PACKAGES value="KokkosClassic"/>
    <TEST_REQUIRED_DEP_PACKAGES/>
    <TEST_OPTIONAL_DEP_PACKAGES value="Belos,Epetra,Ifpack,Intrepid,ML,Amesos"/>
    <LIB_REQUIRED_DEP_TPLS value="Boost"/>
    <LIB_OPTIONAL_DEP_TPLS value="CUDA,Thrust"/>
    <TEST_REQUIRED_DEP_TPLS/>
    <TEST_OPTIONAL_DEP_TPLS value="TVMET"/>
    <EmailAddresses>
      <Regression address="phalanx-regression@software.sandia.gov"/>
    </EmailAddresses>
    <ParentPackage value=""/>
  </Package>
  <Package name="Phdmesh" dir="packages/phdmesh" type="EX">
    <LIB_REQUIRED_DEP_PACKAGES/>
    <LIB_OPTIONAL_DEP_PACKAGES/>
    <TEST_REQUIRED_DEP_PACKAGES/>
    <TEST_OPTIONAL_DEP_PACKAGES/>
    <LIB_REQUIRED_DEP_TPLS/>
    <LIB_OPTIONAL_DEP_TPLS value="Pthread"/>
    <TEST_REQUIRED_DEP_TPLS/>
    <TEST_OPTIONAL_DEP_TPLS/>
    <EmailAddresses>
      <Regression address="phdmesh-regression@software.sandia.gov"/>
    </EmailAddresses>
    <ParentPackage value=""/>
  </Package>
  <Package name="NOX" dir="packages/nox" type="PT">
    <LIB_REQUIRED_DEP_PACKAGES value="Teuchos"/>
    <LIB_OPTIONAL_DEP_PACKAGES value="Epetra,EpetraExt,ThyraCore,ThyraEpetraAdapters,ThyraEpetraExtAdapters,Amesos,AztecOO,Ifpack,ML,Belos,Anasazi,Stratimikos,Teko"/>
    <TEST_REQUIRED_DEP_PACKAGES/>
    <TEST_OPTIONAL_DEP_PACKAGES value="Stratimikos,Isorropia"/>
    <LIB_REQUIRED_DEP_TPLS/>
    <LIB_OPTIONAL_DEP_TPLS value="MF,PETSC,LAPACK,BLAS"/>
    <TEST_REQUIRED_DEP_TPLS/>
    <TEST_OPTIONAL_DEP_TPLS/>
    <EmailAddresses>
      <Regression address="nox-regression@software.sandia.gov"/>
    </EmailAddresses>
    <ParentPackage value=""/>
  </Package>
  <Package name="Moertel" dir="packages/moertel" type="PT">
    <LIB_REQUIRED_DEP_PACKAGES value="Teuchos,Epetra,EpetraExt,Amesos,AztecOO,Ifpack,ML"/>
    <LIB_OPTIONAL_DEP_PACKAGES value="SEACASExodus,SEACASNemesis"/>
    <TEST_REQUIRED_DEP_PACKAGES value="Galeri"/>
    <TEST_OPTIONAL_DEP_PACKAGES value="SEACASExodus"/>
    <LIB_REQUIRED_DEP_TPLS/>
    <LIB_OPTIONAL_DEP_TPLS/>
    <TEST_REQUIRED_DEP_TPLS/>
    <TEST_OPTIONAL_DEP_TPLS/>
    <EmailAddresses>
      <Regression address="moertel-regression@software.sandia.gov"/>
    </EmailAddresses>
    <ParentPackage value=""/>
  </Package>
  <Package name="MueLu" dir="packages/muelu" type="ST">
    <LIB_REQUIRED_DEP_PACKAGES value="Teuchos,Xpetra"/>
    <LIB_OPTIONAL_DEP_PACKAGES value="Amesos,Amesos2,Epetra,EpetraExt,KokkosClassic,Ifpack,Ifpack2,ML,Tpetra,Zoltan,Zoltan2,Stratimikos,ThyraTpetraAdapters,Isorropia"/>
    <TEST_REQUIRED_DEP_PACKAGES/>
    <TEST_OPTIONAL_DEP_PACKAGES value="AztecOO,Galeri,Belos"/>
    <LIB_REQUIRED_DEP_TPLS value="BLAS,LAPACK"/>
    <LIB_OPTIONAL_DEP_TPLS value="Boost"/>
    <TEST_REQUIRED_DEP_TPLS/>
    <TEST_OPTIONAL_DEP_TPLS/>
    <EmailAddresses>
      <Regression address="muelu-regression@software.sandia.gov"/>
    </EmailAddresses>
    <ParentPackage value=""/>
  </Package>
  <Package name="Rythmos" dir="packages/rythmos" type="PT">
    <LIB_REQUIRED_DEP_PACKAGES value="Teuchos,ThyraCore"/>
    <LIB_OPTIONAL_DEP_PACKAGES/>
    <TEST_REQUIRED_DEP_PACKAGES/>
    <TEST_OPTIONAL_DEP_PACKAGES value="EpetraExt,ThyraEpetraAdapters,ThyraEpetraExtAdapters,Sacado,Stratimikos,Belos,NOX"/>
    <LIB_REQUIRED_DEP_TPLS/>
    <LIB_OPTIONAL_DEP_TPLS value="GaaspTpl,Boost"/>
    <TEST_REQUIRED_DEP_TPLS/>
    <TEST_OPTIONAL_DEP_TPLS/>
    <EmailAddresses>
      <Regression address="rythmos-regression@software.sandia.gov"/>
    </EmailAddresses>
    <ParentPackage value=""/>
  </Package>
  <Package name="MOOCHO" dir="packages/moocho" type="PT">
    <LIB_REQUIRED_DEP_PACKAGES value="Teuchos,RTOp"/>
    <LIB_OPTIONAL_DEP_PACKAGES value="ThyraCore"/>
    <TEST_REQUIRED_DEP_PACKAGES/>
    <TEST_OPTIONAL_DEP_PACKAGES value="ThyraEpetraExtAdapters,Stratimikos,Rythmos"/>
    <LIB_REQUIRED_DEP_TPLS value="BLAS,LAPACK"/>
    <LIB_OPTIONAL_DEP_TPLS value="MPI,MA28"/>
    <TEST_REQUIRED_DEP_TPLS/>
    <TEST_OPTIONAL_DEP_TPLS/>
    <EmailAddresses>
      <Regression address="moocho-regression@software.sandia.gov"/>
    </EmailAddresses>
    <ParentPackage value=""/>
  </Package>
  <Package name="Aristos" dir="packages/aristos" type="EX">
    <LIB_REQUIRED_DEP_PACKAGES value="Teuchos,Epetra"/>
    <LIB_OPTIONAL_DEP_PACKAGES/>
    <TEST_REQUIRED_DEP_PACKAGES/>
    <TEST_OPTIONAL_DEP_PACKAGES value="Amesos,Ifpack,AztecOO,EpetraExt,Stratimikos,Thyra"/>
    <LIB_REQUIRED_DEP_TPLS/>
    <LIB_OPTIONAL_DEP_TPLS/>
    <TEST_REQUIRED_DEP_TPLS/>
    <TEST_OPTIONAL_DEP_TPLS/>
    <EmailAddresses>
      <Regression address="aristos-regression@software.sandia.gov"/>
    </EmailAddresses>
    <ParentPackage value=""/>
  </Package>
  <Package name="Stokhos" dir="packages/stokhos" type="ST">
    <LIB_REQUIRED_DEP_PACKAGES value="Teuchos"/>
    <LIB_OPTIONAL_DEP_PACKAGES value="EpetraExt,Ifpack,ML,TriKota,Anasazi,Sacado,NOX,Isorropia,KokkosClassic,KokkosCore,KokkosLinAlg,KokkosMpiComm,KokkosAlgorithms,Tpetra,Ifpack2,MueLu,Belos,Amesos2"/>
    <TEST_REQUIRED_DEP_PACKAGES/>
    <TEST_OPTIONAL_DEP_PACKAGES value="AztecOO,Stratimikos,Zoltan"/>
    <LIB_REQUIRED_DEP_TPLS/>
    <LIB_OPTIONAL_DEP_TPLS value="ForUQTK,CUDA,Thrust,Cusp,CUSPARSE,Clp,GLPK,qpOASES,Boost,MATLABLib,MKL"/>
    <TEST_REQUIRED_DEP_TPLS/>
    <TEST_OPTIONAL_DEP_TPLS/>
    <EmailAddresses>
      <Regression address="stokhos-regression@software.sandia.gov"/>
    </EmailAddresses>
    <ParentPackage value=""/>
  </Package>
  <Package name="Piro" dir="packages/piro" type="ST">
    <LIB_REQUIRED_DEP_PACKAGES value="Teuchos,Stratimikos,ThyraCore,ThyraEpetraAdapters,ThyraEpetraExtAdapters,Epetra,EpetraExt"/>
    <LIB_OPTIONAL_DEP_PACKAGES value="NOX,Rythmos,MOOCHO,Stokhos,OptiPack,TriKota"/>
    <TEST_REQUIRED_DEP_PACKAGES/>
    <TEST_OPTIONAL_DEP_PACKAGES/>
    <LIB_REQUIRED_DEP_TPLS/>
    <LIB_OPTIONAL_DEP_TPLS/>
    <TEST_REQUIRED_DEP_TPLS/>
    <TEST_OPTIONAL_DEP_TPLS/>
    <EmailAddresses>
      <Regression address="piro-regression@software.sandia.gov"/>
    </EmailAddresses>
    <ParentPackage value=""/>
  </Package>
  <Package name="Panzer" dir="packages/panzer" type="ST">
    <LIB_REQUIRED_DEP_PACKAGES value="Teuchos,Kokkos,Sacado,Phalanx,Intrepid,FEI,ThyraCore,ThyraTpetraAdapters,ThyraEpetraAdapters,Tpetra,Epetra,EpetraExt,Zoltan,Stratimikos,Piro,NOX,Rythmos"/>
    <LIB_OPTIONAL_DEP_PACKAGES value="STKClassic,SEACASIoss,SEACASExodus,Teko,Stokhos,MueLu,Ifpack2"/>
    <TEST_REQUIRED_DEP_PACKAGES/>
    <TEST_OPTIONAL_DEP_PACKAGES value="Stratimikos,Piro,NOX,Rythmos"/>
    <LIB_REQUIRED_DEP_TPLS value="MPI,Boost"/>
    <LIB_OPTIONAL_DEP_TPLS value="PAPI"/>
    <TEST_REQUIRED_DEP_TPLS/>
    <TEST_OPTIONAL_DEP_TPLS/>
    <EmailAddresses>
      <Regression address="panzer-regression@software.sandia.gov"/>
    </EmailAddresses>
    <ParentPackage value=""/>
  </Package>
  <Package name="Sundance" dir="packages/Sundance" type="ST">
    <LIB_REQUIRED_DEP_PACKAGES value="Teuchos,Epetra,EpetraExt,Amesos,AztecOO,Ifpack,ML,Anasazi,Belos,NOX,Intrepid"/>
    <LIB_OPTIONAL_DEP_PACKAGES value="SEACASExodus,Stokhos"/>
    <TEST_REQUIRED_DEP_PACKAGES/>
    <TEST_OPTIONAL_DEP_PACKAGES/>
    <LIB_REQUIRED_DEP_TPLS/>
    <LIB_OPTIONAL_DEP_TPLS value="Peano,MPI,Netcdf"/>
    <TEST_REQUIRED_DEP_TPLS/>
    <TEST_OPTIONAL_DEP_TPLS value="Peano,MPI,Netcdf"/>
    <EmailAddresses>
      <Regression address="sundance-regression@software.sandia.gov"/>
    </EmailAddresses>
    <ParentPackage value=""/>
  </Package>
  <Package name="CTrilinos" dir="packages/CTrilinos" type="ST">
    <LIB_REQUIRED_DEP_PACKAGES value="Teuchos,Epetra"/>
    <LIB_OPTIONAL_DEP_PACKAGES value="Amesos,AztecOO,Galeri,Ifpack,Pliris"/>
    <TEST_REQUIRED_DEP_PACKAGES value="Teuchos,Epetra"/>
    <TEST_OPTIONAL_DEP_PACKAGES value="Amesos,AztecOO,Galeri,Ifpack,Pliris"/>
    <LIB_REQUIRED_DEP_TPLS/>
    <LIB_OPTIONAL_DEP_TPLS/>
    <TEST_REQUIRED_DEP_TPLS/>
    <TEST_OPTIONAL_DEP_TPLS/>
    <EmailAddresses>
      <Regression address="ctrilinos-regression@software.sandia.gov"/>
    </EmailAddresses>
    <ParentPackage value=""/>
  </Package>
  <Package name="ForTrilinos" dir="packages/ForTrilinos" type="EX">
    <LIB_REQUIRED_DEP_PACKAGES value="CTrilinos,Epetra,Teuchos"/>
    <LIB_OPTIONAL_DEP_PACKAGES value="Amesos,AztecOO,Galeri,Ifpack,Pliris"/>
    <TEST_REQUIRED_DEP_PACKAGES value="CTrilinos,Epetra,Teuchos"/>
    <TEST_OPTIONAL_DEP_PACKAGES value="Amesos,AztecOO,Galeri,Ifpack,Pliris"/>
    <LIB_REQUIRED_DEP_TPLS/>
    <LIB_OPTIONAL_DEP_TPLS/>
    <TEST_REQUIRED_DEP_TPLS/>
    <TEST_OPTIONAL_DEP_TPLS/>
    <EmailAddresses>
      <Regression address="fortrilinos-regression@software.sandia.gov"/>
    </EmailAddresses>
    <ParentPackage value=""/>
  </Package>
  <Package name="PyTrilinos" dir="packages/PyTrilinos" type="ST">
    <LIB_REQUIRED_DEP_PACKAGES/>
    <LIB_OPTIONAL_DEP_PACKAGES value="Teuchos,Epetra,Triutils,Tpetra,EpetraExt,Isorropia,AztecOO,Galeri,Amesos,Ifpack,Komplex,Anasazi,Pliris,ML,NOX,STK"/>
    <TEST_REQUIRED_DEP_PACKAGES/>
    <TEST_OPTIONAL_DEP_PACKAGES/>
    <LIB_REQUIRED_DEP_TPLS/>
    <LIB_OPTIONAL_DEP_TPLS/>
    <TEST_REQUIRED_DEP_TPLS/>
    <TEST_OPTIONAL_DEP_TPLS/>
    <EmailAddresses>
      <Regression address="pytrilinos-regression@software.sandia.gov"/>
    </EmailAddresses>
    <ParentPackage value=""/>
  </Package>
  <Package name="WebTrilinos" dir="packages/WebTrilinos" type="EX">
    <LIB_REQUIRED_DEP_PACKAGES value="Epetra,EpetraExt,Amesos,AztecOO,Galeri,Ifpack,ML,PyTrilinos,Teuchos"/>
    <LIB_OPTIONAL_DEP_PACKAGES/>
    <TEST_REQUIRED_DEP_PACKAGES value="Epetra,EpetraExt,Amesos,AztecOO,Galeri,Ifpack,ML,PyTrilinos,Teuchos"/>
    <TEST_OPTIONAL_DEP_PACKAGES/>
    <LIB_REQUIRED_DEP_TPLS/>
    <LIB_OPTIONAL_DEP_TPLS/>
    <TEST_REQUIRED_DEP_TPLS/>
    <TEST_OPTIONAL_DEP_TPLS/>
    <EmailAddresses>
      <Regression address="webtrilinos-regression@software.sandia.gov"/>
    </EmailAddresses>
    <ParentPackage value=""/>
  </Package>
  <Package name="Didasko" dir="packages/didasko" type="ST">
    <LIB_REQUIRED_DEP_PACKAGES/>
    <LIB_OPTIONAL_DEP_PACKAGES/>
    <TEST_REQUIRED_DEP_PACKAGES/>
    <TEST_OPTIONAL_DEP_PACKAGES value="Teuchos,Epetra,Triutils,EpetraExt,ML,Amesos,Ifpack,AztecOO,Galeri,Zoltan"/>
    <LIB_REQUIRED_DEP_TPLS/>
    <LIB_OPTIONAL_DEP_TPLS/>
    <TEST_REQUIRED_DEP_TPLS/>
    <TEST_OPTIONAL_DEP_TPLS value="HYPRE"/>
    <EmailAddresses>
      <Regression address="didasko-regression@software.sandia.gov"/>
    </EmailAddresses>
    <ParentPackage value=""/>
  </Package>
  <Package name="NewPackage" dir="packages/new_package" type="EX">
    <LIB_REQUIRED_DEP_PACKAGES value="Epetra"/>
    <LIB_OPTIONAL_DEP_PACKAGES value="Teuchos"/>
    <TEST_REQUIRED_DEP_PACKAGES/>
    <TEST_OPTIONAL_DEP_PACKAGES/>
    <LIB_REQUIRED_DEP_TPLS/>
    <LIB_OPTIONAL_DEP_TPLS/>
    <TEST_REQUIRED_DEP_TPLS/>
    <TEST_OPTIONAL_DEP_TPLS/>
    <EmailAddresses>
      <Regression address="newpackage-regression@software.sandia.gov"/>
    </EmailAddresses>
    <ParentPackage value=""/>
  </Package>
  <Package name="Optika" dir="packages/optika" type="ST">
    <LIB_REQUIRED_DEP_PACKAGES value="Teuchos"/>
    <LIB_OPTIONAL_DEP_PACKAGES/>
    <TEST_REQUIRED_DEP_PACKAGES/>
    <TEST_OPTIONAL_DEP_PACKAGES/>
    <LIB_REQUIRED_DEP_TPLS value="QT"/>
    <LIB_OPTIONAL_DEP_TPLS/>
    <TEST_REQUIRED_DEP_TPLS/>
    <TEST_OPTIONAL_DEP_TPLS/>
    <EmailAddresses>
      <Regression address="optika-regression@software.sandia.gov"/>
    </EmailAddresses>
    <ParentPackage value=""/>
  </Package>
  <Package name="Mesquite" dir="packages/mesquite" type="PT">
    <LIB_REQUIRED_DEP_PACKAGES/>
    <LIB_OPTIONAL_DEP_PACKAGES/>
    <TEST_REQUIRED_DEP_PACKAGES/>
    <TEST_OPTIONAL_DEP_PACKAGES/>
    <LIB_REQUIRED_DEP_TPLS/>
    <LIB_OPTIONAL_DEP_TPLS value="ExodusII"/>
    <TEST_REQUIRED_DEP_TPLS/>
    <TEST_OPTIONAL_DEP_TPLS value="CppUnit"/>
    <EmailAddresses>
      <Regression address="mesquite-regression@software.sandia.gov"/>
    </EmailAddresses>
    <ParentPackage value=""/>
  </Package>
  <Package name="MeshingGenie" dir="packages/meshinggenie" type="EX">
    <LIB_REQUIRED_DEP_PACKAGES/>
    <LIB_OPTIONAL_DEP_PACKAGES/>
    <TEST_REQUIRED_DEP_PACKAGES/>
    <TEST_OPTIONAL_DEP_PACKAGES/>
    <LIB_REQUIRED_DEP_TPLS/>
    <LIB_OPTIONAL_DEP_TPLS/>
    <TEST_REQUIRED_DEP_TPLS/>
    <TEST_OPTIONAL_DEP_TPLS/>
    <EmailAddresses>
      <Regression address="meshinggenie-regression@software.sandia.gov"/>
    </EmailAddresses>
    <ParentPackage value=""/>
  </Package>
  <Package name="TrilinosCouplings" dir="packages/trilinoscouplings" type="ST">
    <LIB_REQUIRED_DEP_PACKAGES/>
    <LIB_OPTIONAL_DEP_PACKAGES value="EpetraExt,Isorropia,Amesos,AztecOO,Belos,Ifpack,ML,NOX,Zoltan,STKClassic,Stokhos"/>
    <TEST_REQUIRED_DEP_PACKAGES/>
    <TEST_OPTIONAL_DEP_PACKAGES value="Amesos,Isorropia,Epetra,EpetraExt,Ifpack,Intrepid,Pamgen,AztecOO,ML,Zoltan,STKClassic,Teko,Tpetra,MueLu,KokkosCore,KokkosLinAlg,KokkosCompat,KokkosContainers,KokkosMpiComm,Stokhos"/>
    <LIB_REQUIRED_DEP_TPLS/>
    <LIB_OPTIONAL_DEP_TPLS/>
    <TEST_REQUIRED_DEP_TPLS/>
    <TEST_OPTIONAL_DEP_TPLS/>
    <EmailAddresses>
      <Regression address="trilinoscouplings-regression@software.sandia.gov"/>
    </EmailAddresses>
    <ParentPackage value=""/>
  </Package>
  <Package name="FEApp" dir="demos/FEApp" type="ST">
    <LIB_REQUIRED_DEP_PACKAGES value="Sacado,Epetra,EpetraExt,Stokhos,NOX,Piro"/>
    <LIB_OPTIONAL_DEP_PACKAGES/>
    <TEST_REQUIRED_DEP_PACKAGES/>
    <TEST_OPTIONAL_DEP_PACKAGES/>
    <LIB_REQUIRED_DEP_TPLS/>
    <LIB_OPTIONAL_DEP_TPLS/>
    <TEST_REQUIRED_DEP_TPLS/>
    <TEST_OPTIONAL_DEP_TPLS/>
    <EmailAddresses>
      <Regression address="feapp-regression@software.sandia.gov"/>
    </EmailAddresses>
    <ParentPackage value=""/>
  </Package>
</PackageDependencies>
